選舉區,登記日期,姓名,推薦之政黨,備註
新竹縣竹北市第1選舉區,115/08/31,張美珠,無,
新竹縣竹北市第1選舉區,115/08/31,曾玉菱,民主進步黨,
新竹縣竹北市第1選舉區,115/08/31,黃明雄,無,
新竹縣竹北市第1選舉區,115/08/31,林祺烜,無,
新竹縣竹北市第1選舉區,115/09/01,林瑞德,台灣民眾黨,
新竹縣竹北市第1選舉區,115/09/01,李心然,台灣民眾黨,
新竹縣竹北市第1選舉區,115/09/02,陳禹同,民主進步黨,
新竹縣竹北市第1選舉區,115/09/02,彭竣志,無,
新竹縣竹北市第1選舉區,115/09/02,范揚翰,無,
新竹縣竹北市第1選舉區,115/09/02,彭俊烟,無,
新竹縣竹北市第1選舉區,115/09/02,鄭鈞鴻,中國國民黨,
新竹縣竹北市第1選舉區,115/09/02,林維洲,無,
新竹縣竹北市第1選舉區,115/09/02,范光禮,無,
新竹縣竹北市第1選舉區,115/09/02,楊士學,民主進步黨,
新竹縣竹北市第1選舉區,115/09/03,張益豪,無,
新竹縣竹北市第1選舉區,115/09/03,林祖誼,民主進步黨,
新竹縣竹北市第1選舉區,115/09/03,黃郁雯,中國國民黨,
新竹縣竹北市第1選舉區,115/09/03,洪瑞瑾,小民參政歐巴桑聯盟,
新竹縣竹北市第1選舉區,115/09/04,崔紀梅 Umi Sayta,無,
新竹縣竹北市第1選舉區,115/09/04,余政達,無,
新竹縣竹北市第2選舉區,115/08/31,曾宗彬,無,
新竹縣竹北市第2選舉區,115/08/31,徐水鐘,無,
新竹縣竹北市第2選舉區,115/08/31,莊雅綺,中國國民黨,
新竹縣竹北市第2選舉區,115/09/02,鄭建村,無,
新竹縣竹北市第2選舉區,115/09/02,曾美琴,中國國民黨,
新竹縣竹北市第2選舉區,115/09/03,何宜芯,無,
新竹縣竹北市第2選舉區,115/09/03,曾敬維,無,
新竹縣竹北市第2選舉區,115/09/03,謝育豪,民主進步黨,
新竹縣竹北市第2選舉區,115/09/03,許育綸,時代力量,
新竹縣竹北市第2選舉區,115/09/03,劉文軒,台灣民眾黨,
新竹縣竹北市第2選舉區,115/09/04,林啟賢,無,
新竹縣竹北市第2選舉區,115/09/04,陳冠宇,無,
新竹縣竹北市第2選舉區,115/09/04,江宥德,無,
新竹縣竹北市第3選舉區,115/09/02,陳威男,無,
新竹縣竹北市第3選舉區,115/09/02,葉信輝,無,
新竹縣竹北市第3選舉區,115/09/04,吳勝隆,無,
新竹縣竹北市第4選舉區,115/09/02,蔡文苑,無,
新竹縣竹北市第4選舉區,115/09/03,曾祐宸,無,
新竹縣竹北市第4選舉區,115/09/03,黃莉,無,
新竹縣竹東鎮第1選舉區,115/09/02,蕭仲明,無,
新竹縣竹東鎮第1選舉區,115/09/02,羅明諒,無,
新竹縣竹東鎮第1選舉區,115/09/02,馮正煒,無,
新竹縣竹東鎮第1選舉區,115/09/03,宋謰成,中國國民黨,
新竹縣竹東鎮第1選舉區,115/09/03,梁鐘銘,無,
新竹縣竹東鎮第1選舉區,115/09/03,彭立傑,中國國民黨,
新竹縣竹東鎮第1選舉區,115/09/03,陳芳畇,無,
新竹縣竹東鎮第1選舉區,115/09/03,曾名豪,無,
新竹縣竹東鎮第1選舉區,115/09/04,彭金賢,中國國民黨,
新竹縣竹東鎮第2選舉區,115/09/02,陳燕昌,中國國民黨,
新竹縣竹東鎮第2選舉區,115/09/02,范振港,無,
新竹縣竹東鎮第2選舉區,115/09/03,葉日嘉,無,
新竹縣竹東鎮第2選舉區,115/09/03,鄭宇翔,無,
新竹縣竹東鎮第3選舉區,115/09/03,葉姵宇,中國國民黨,
新竹縣竹東鎮第3選舉區,115/09/03,羅靜雰,無,
新竹縣竹東鎮第3選舉區,115/09/03,劉興涼,中國國民黨,
新竹縣竹東鎮第3選舉區,115/09/03,賴送能,無,
新竹縣竹東鎮第3選舉區,115/09/03,范植華,無,
新竹縣竹東鎮第3選舉區,115/09/03,蕭文甫,無,
新竹縣竹東鎮第3選舉區,115/09/04,林子丞,無,
新竹縣竹東鎮第4選舉區,115/08/31,林朝政,中國國民黨,
新竹縣竹東鎮第4選舉區,115/09/03,吳棋鴻,無,
新竹縣竹東鎮第4選舉區,115/09/03,麥美芝,無,
新竹縣竹東鎮第4選舉區,115/09/03,呂幸潤,無,
新竹縣竹東鎮第4選舉區,115/09/03,徐呂麗琴,無,
新竹縣竹東鎮第4選舉區,115/09/03,彭致豪,時代力量,
新竹縣竹東鎮第4選舉區,115/09/04,吳俊民,台灣民眾黨,
新竹縣新埔鎮第1選舉區,115/08/31,姜鳳秋,無,
新竹縣新埔鎮第1選舉區,115/09/01,張秀桃,無,
新竹縣新埔鎮第1選舉區,115/09/02,劉得宇,無,
新竹縣新埔鎮第1選舉區,115/09/02,張源勝,無,
新竹縣新埔鎮第1選舉區,115/09/02,林祺棠,無,
新竹縣新埔鎮第1選舉區,115/09/02,徐瑞蓉,無,
新竹縣新埔鎮第1選舉區,115/09/02,陳振華,無,
新竹縣新埔鎮第1選舉區,115/09/03,劉禎忠,無,
新竹縣新埔鎮第1選舉區,115/09/03,陳賢榮,無,
新竹縣新埔鎮第1選舉區,115/09/04,彭瑞湖,無,
新竹縣新埔鎮第1選舉區,115/09/04,呂易丞,無,
新竹縣新埔鎮第1選舉區,115/09/04,鄧茂雄,無,
新竹縣新埔鎮第2選舉區,115/09/02,馮天鍾,無,
新竹縣新埔鎮第2選舉區,115/09/03,王琦惠,無,
新竹縣新埔鎮第3選舉區,115/08/31,范秀梅,無,
新竹縣新埔鎮第3選舉區,115/09/02,徐維聰,無,
新竹縣新埔鎮第3選舉區,115/09/02,黃妍溱,無,
新竹縣新埔鎮第3選舉區,115/09/02,王繼緯,無,
新竹縣新埔鎮第3選舉區,115/09/02,劉桂珍,無,
新竹縣新埔鎮第3選舉區,115/09/02,蔡錦堂,無,
新竹縣新埔鎮第3選舉區,115/09/03,陳東勇,無,
新竹縣新埔鎮第4選舉區,115/08/31,林旭良,時代力量,
新竹縣新埔鎮第4選舉區,115/09/01,林益賢,無,
新竹縣新埔鎮第4選舉區,115/09/02,邱炳戊,無,
新竹縣關西鎮第1選舉區,115/09/02,陳忠國,中國國民黨,
新竹縣關西鎮第1選舉區,115/09/02,詹羅燈,中國國民黨,
新竹縣關西鎮第1選舉區,115/09/03,邱霈語,無,
新竹縣關西鎮第1選舉區,115/09/03,羅仕典,無,
新竹縣關西鎮第1選舉區,115/09/03,張秋竹,無,
新竹縣關西鎮第1選舉區,115/09/04,彭雪玲,無,
新竹縣關西鎮第2選舉區,115/08/31,徐羽霆,無,
新竹縣關西鎮第2選舉區,115/09/02,葉爾錦,無,
新竹縣關西鎮第2選舉區,115/09/02,羅智仁,無,
新竹縣關西鎮第2選舉區,115/09/03,羅吉仁,無,
新竹縣關西鎮第2選舉區,115/09/04,邱創任,無,
新竹縣關西鎮第2選舉區,115/09/04,周得熙,無,
新竹縣關西鎮第3選舉區,115/09/02,葉雲凱,無,
新竹縣關西鎮第3選舉區,115/09/03,連忠進,無,
新竹縣關西鎮第4選舉區,115/09/02,李常棟,中國國民黨,
新竹縣關西鎮第4選舉區,115/09/02,陳信豐,無,
新竹縣關西鎮第4選舉區,115/09/02,黃淼霖,中國國民黨,
新竹縣關西鎮第4選舉區,115/09/03,范良宇,無,
新竹縣關西鎮第4選舉區,115/09/03,葉文燈,無,
新竹縣湖口鄉第1選舉區,115/09/01,朱正文,無,
新竹縣湖口鄉第1選舉區,115/09/02,羅國湧,勞動黨,
新竹縣湖口鄉第1選舉區,115/09/03,鄭雅勻,無,
新竹縣湖口鄉第1選舉區,115/09/03,張智鈞,民主進步黨,
新竹縣湖口鄉第1選舉區,115/09/03,張春香,中國國民黨,
新竹縣湖口鄉第2選舉區,115/08/31,袁美雲,中國國民黨,
新竹縣湖口鄉第2選舉區,115/08/31,鄭家欣,中國國民黨,
新竹縣湖口鄉第2選舉區,115/09/01,楊妍歆,無,
新竹縣湖口鄉第2選舉區,115/09/01,湯文忠,民主進步黨,
新竹縣湖口鄉第2選舉區,115/09/02,吳德富,無,
新竹縣湖口鄉第2選舉區,115/09/02,萬正英,中國國民黨,
新竹縣湖口鄉第2選舉區,115/09/03,戴貴香,中國國民黨,
新竹縣湖口鄉第2選舉區,115/09/03,林春峯,無,
新竹縣湖口鄉第2選舉區,115/09/04,張美月,中國國民黨,
新竹縣湖口鄉第3選舉區,115/08/31,陳凱龍,無,
新竹縣湖口鄉第3選舉區,115/09/01,吳承宗,中國國民黨,
新竹縣湖口鄉第3選舉區,115/09/02,周德竹,中國國民黨,
新竹縣湖口鄉第3選舉區,115/09/02,張衡堂,無,
新竹縣湖口鄉第4選舉區,115/09/01,吳家榮,無,
新竹縣湖口鄉第4選舉區,115/09/02,詹紀緹,無,
新竹縣湖口鄉第4選舉區,115/09/02,劉昌榮,中國國民黨,
新竹縣湖口鄉第4選舉區,115/09/02,戴延龍,無,
新竹縣湖口鄉第4選舉區,115/09/03,鄧新聖,無,
新竹縣新豐鄉第1選舉區,115/09/02,許應灝,無,
新竹縣新豐鄉第1選舉區,115/09/03,羅時乾,無,
新竹縣新豐鄉第1選舉區,115/09/04,余冠宏,無,
新竹縣新豐鄉第2選舉區,115/09/02,朱錦常,民主進步黨,
新竹縣新豐鄉第2選舉區,115/09/02,許家榮,無,
新竹縣新豐鄉第2選舉區,115/09/04,張俊源,民主進步黨,
新竹縣新豐鄉第3選舉區,115/08/31,吳燕瑩,台灣民眾黨,
新竹縣新豐鄉第3選舉區,115/09/02,黃昱鈞,中國國民黨,
新竹縣新豐鄉第3選舉區,115/09/03,黃万榮,無,
新竹縣新豐鄉第3選舉區,115/09/03,吳國禎,中國國民黨,
新竹縣新豐鄉第4選舉區,115/08/31,徐昌毅,無,
新竹縣新豐鄉第4選舉區,115/09/02,許錦煙,中國國民黨,
新竹縣新豐鄉第4選舉區,115/09/02,鍾秀菊,中國國民黨,
新竹縣新豐鄉第4選舉區,115/09/02,甘淑娥,中國國民黨,
新竹縣新豐鄉第4選舉區,115/09/03,田胡盈蘋,中國國民黨,
新竹縣新豐鄉第4選舉區,115/09/03,陳麗亘,無,
新竹縣芎林鄉第1選舉區,115/09/02,范順勇,無,
新竹縣芎林鄉第1選舉區,115/09/03,朱乾松,中國國民黨,
新竹縣芎林鄉第2選舉區,115/09/02,邱創桂,中國國民黨,
新竹縣芎林鄉第2選舉區,115/09/03,范振乾,無,
新竹縣芎林鄉第2選舉區,115/09/04,羅傳仙,無,
新竹縣芎林鄉第3選舉區,115/09/02,姜禮銘,中國國民黨,
新竹縣芎林鄉第3選舉區,115/09/02,劉興振,無,
新竹縣芎林鄉第4選舉區,115/08/31,劉名揚,無,
新竹縣芎林鄉第4選舉區,115/08/31,邱杏嫺,無,
新竹縣芎林鄉第4選舉區,115/09/02,林彭玉連,中國國民黨,
新竹縣芎林鄉第4選舉區,115/09/02,戴昌華,無,
新竹縣芎林鄉第4選舉區,115/09/02,劉得煇,中國國民黨,
新竹縣芎林鄉第4選舉區,115/09/02,劉名傑,中國國民黨,
新竹縣芎林鄉第4選舉區,115/09/03,劉展源,無,
新竹縣芎林鄉第4選舉區,115/09/03,彭信康,無,
新竹縣橫山鄉第1選舉區,115/08/31,徐文娟,無,
新竹縣橫山鄉第1選舉區,115/09/02,羅文雄,中國國民黨,
新竹縣橫山鄉第1選舉區,115/09/02,梁少枝,無,
新竹縣橫山鄉第1選舉區,115/09/02,彭昌智,無,
新竹縣橫山鄉第1選舉區,115/09/02,李麗英,中國國民黨,
新竹縣橫山鄉第1選舉區,115/09/02,韓定勳,中國國民黨,
新竹縣橫山鄉第2選舉區,115/09/02,麥瑞鳳,中國國民黨,
新竹縣橫山鄉第2選舉區,115/09/02,許英棋,無,
新竹縣橫山鄉第2選舉區,115/09/02,曾家奎,中國國民黨,
新竹縣橫山鄉第2選舉區,115/09/02,張瑞蘭,中國國民黨,
新竹縣橫山鄉第2選舉區,115/09/02,陳文亮,中國國民黨,
新竹縣橫山鄉第2選舉區,115/09/03,徐洪正,無,
新竹縣橫山鄉第3選舉區,115/09/02,鍾政宗,無,
新竹縣橫山鄉第3選舉區,115/09/02,羅金城,中國國民黨,
新竹縣橫山鄉第3選舉區,115/09/02,劉修汀,中國國民黨,
新竹縣橫山鄉第4選舉區,115/09/03,鄒信槿,無,
新竹縣橫山鄉第4選舉區,115/09/04,陳志搢,中國國民黨,
新竹縣北埔鄉第1選舉區,115/08/31,溫庭枋,無,
新竹縣北埔鄉第1選舉區,115/08/31,莊瑞山,無,
新竹縣北埔鄉第1選舉區,115/09/02,吳武政,無,
新竹縣北埔鄉第1選舉區,115/09/04,范文桂,無,
新竹縣北埔鄉第2選舉區,115/09/01,賴杏花,無,
新竹縣北埔鄉第2選舉區,115/09/02,楊菊枝,無,
新竹縣北埔鄉第2選舉區,115/09/02,林秀菊,無,
新竹縣北埔鄉第2選舉區,115/09/02,李亭寬,無,
新竹縣北埔鄉第2選舉區,115/09/03,林其祥,無,
新竹縣北埔鄉第2選舉區,115/09/04,詹文輝,無,
新竹縣北埔鄉第3選舉區,115/08/31,李瑞玉,無,
新竹縣寶山鄉第1選舉區,115/09/01,鍾嘉祐,台灣民眾黨,
新竹縣寶山鄉第1選舉區,115/09/02,陳昌鈐,無,
新竹縣寶山鄉第1選舉區,115/09/02,陳秀霞,無,
新竹縣寶山鄉第1選舉區,115/09/02,葉秀桃,中國國民黨,
新竹縣寶山鄉第1選舉區,115/09/03,何孟成,中國國民黨,
新竹縣寶山鄉第1選舉區,115/09/04,陳賢裕,無,
新竹縣寶山鄉第1選舉區,115/09/04,江秋萍,無,
新竹縣寶山鄉第1選舉區,115/09/04,劉燕宏,無,
新竹縣寶山鄉第1選舉區,115/09/04,李奇穎,無,
新竹縣寶山鄉第2選舉區,115/09/02,何鎂羚,無,
新竹縣寶山鄉第2選舉區,115/09/03,范丞緯,中國國民黨,
新竹縣寶山鄉第3選舉區,115/09/02,古仁樺,中國國民黨,
新竹縣寶山鄉第4選舉區,115/09/03,黃秀珠,無,
新竹縣寶山鄉第4選舉區,115/09/04,蘇敬豈,無,
新竹縣峨眉鄉第1選舉區,115/09/02,陳淑玲,無,
新竹縣峨眉鄉第1選舉區,115/09/02,何秋香,無,
新竹縣峨眉鄉第1選舉區,115/09/02,陳淑慧,無,
新竹縣峨眉鄉第1選舉區,115/09/02,王詩樊,無,
新竹縣峨眉鄉第1選舉區,115/09/02,黎侑昌,民主進步黨,
新竹縣峨眉鄉第2選舉區,115/08/31,曾于倢,無,
新竹縣峨眉鄉第2選舉區,115/08/31,陳美玲,無,
新竹縣峨眉鄉第2選舉區,115/09/01,林正雙,無,
新竹縣峨眉鄉第2選舉區,115/09/02,鍾景能,無,
新竹縣峨眉鄉第2選舉區,115/09/02,彭進添,無,
新竹縣峨眉鄉第2選舉區,115/09/02,楊文瑞,中國國民黨,
新竹縣峨眉鄉第2選舉區,115/09/02,王增忠,無,
新竹縣峨眉鄉第2選舉區,115/09/02,莊少雀,無,
新竹縣峨眉鄉第2選舉區,115/09/04,張玲珠,無,
新竹縣尖石鄉第1選舉區,115/08/31,游星明,無,
新竹縣尖石鄉第1選舉區,115/08/31,雲燕,無,
新竹縣尖石鄉第1選舉區,115/08/31,曾之潔,無,
新竹縣尖石鄉第1選舉區,115/09/02,邱春香,無,
新竹縣尖石鄉第1選舉區,115/09/04,田國山,無,
新竹縣尖石鄉第1選舉區,115/09/04,張展榮,無,
新竹縣尖石鄉第2選舉區,115/08/31,賴文龍,無,
新竹縣尖石鄉第2選舉區,115/08/31,謝福忠,無,
新竹縣尖石鄉第2選舉區,115/09/01,田仲華,無,
新竹縣尖石鄉第2選舉區,115/09/02,曾永森,無,
新竹縣尖石鄉第2選舉區,115/09/03,彭木秀,無,
新竹縣尖石鄉第2選舉區,115/09/04,鍾孝順,無,
新竹縣尖石鄉第2選舉區,115/09/04,楊春貴,無,
新竹縣尖石鄉第3選舉區,115/08/31,馬沙巴浪,民主進步黨,
新竹縣尖石鄉第3選舉區,115/09/01,林愛珍 Laway Yagu,無,
新竹縣尖石鄉第3選舉區,115/09/01,林清文,無,
新竹縣尖石鄉第3選舉區,115/09/02,温金德,無,
新竹縣尖石鄉第3選舉區,115/09/02,范中強,無,
新竹縣尖石鄉第3選舉區,115/09/04,陳永華,無,
新竹縣尖石鄉第3選舉區,115/09/04,廖英雄,無,
新竹縣五峰鄉第1選舉區,115/09/02,林立峰,無,
新竹縣五峰鄉第1選舉區,115/09/02,趙春玉,無,
新竹縣五峰鄉第1選舉區,115/09/03,林哲汐,無,
新竹縣五峰鄉第1選舉區,115/09/04,萬盛雄,無,
新竹縣五峰鄉第2選舉區,115/09/01,蔣宗憲,無,
新竹縣五峰鄉第2選舉區,115/09/02,秋智勇,無,
新竹縣五峰鄉第2選舉區,115/09/02,陳志明,無,
新竹縣五峰鄉第2選舉區,115/09/02,秋美玉,無,
新竹縣五峰鄉第2選舉區,115/09/04,張金昌,無,
新竹縣五峰鄉第3選舉區,115/08/31,陳志偉,無,
新竹縣五峰鄉第3選舉區,115/08/31,呂小龍,無,
新竹縣五峰鄉第3選舉區,115/09/01,陳立達 Laysa． Taymu,無,
新竹縣五峰鄉第3選舉區,115/09/02,彭雅各,無,
苗栗縣苗栗市第1選舉區,115/09/02,梁嬌雪,無,
苗栗縣苗栗市第1選舉區,115/09/02,黃文琴,無,
苗栗縣苗栗市第1選舉區,115/09/03,劉圓蘭,無,
苗栗縣苗栗市第1選舉區,115/09/03,徐義展,無,
苗栗縣苗栗市第2選舉區,115/09/02,徐晨程,無,
苗栗縣苗栗市第2選舉區,115/09/02,魏誠良,無,
苗栗縣苗栗市第2選舉區,115/09/02,謝智鈞,無,
苗栗縣苗栗市第2選舉區,115/09/02,藍天奎,民主進步黨,
苗栗縣苗栗市第2選舉區,115/09/03,王封台,無,
苗栗縣苗栗市第3選舉區,115/08/31,劉岳泓,中國國民黨,
苗栗縣苗栗市第3選舉區,115/08/31,蔣昀宸,無,
苗栗縣苗栗市第3選舉區,115/09/02,湯國環,民主進步黨,
苗栗縣苗栗市第3選舉區,115/09/02,謝長慶,無,
苗栗縣苗栗市第3選舉區,115/09/03,曾秋桃,無,
苗栗縣苗栗市第3選舉區,115/09/03,劉秀蘭,無,
苗栗縣苗栗市第3選舉區,115/09/03,呂文松,無,
苗栗縣苗栗市第3選舉區,115/09/04,楊得君,無,
苗栗縣苗栗市第3選舉區,115/09/04,郭桂湘,無,
苗栗縣苗栗市第4選舉區,115/08/31,劉鳳瑩,無,
苗栗縣苗栗市第4選舉區,115/09/02,梅雯霞,無,
苗栗縣苗栗市第4選舉區,115/09/02,張勝傑,無,
苗栗縣苗栗市第4選舉區,115/09/02,楊喬安,無,
苗栗縣苗栗市第4選舉區,115/09/03,林俊彥,無,
苗栗縣苗栗市第4選舉區,115/09/03,謝承恩,無,
苗栗縣苗栗市第4選舉區,115/09/04,羅玉棻,無,
苗栗縣苗栗市第4選舉區,115/09/04,楊金福,中國國民黨,
苗栗縣苗栗市第4選舉區,115/09/04,李建宏,無,
苗栗縣苑裡鎮第1選舉區,115/09/01,鄭義能,無,
苗栗縣苑裡鎮第1選舉區,115/09/02,鄭羽聰,無,
苗栗縣苑裡鎮第1選舉區,115/09/02,張素英,無,
苗栗縣苑裡鎮第1選舉區,115/09/02,吳若安,無,
苗栗縣苑裡鎮第1選舉區,115/09/02,蕭長生,無,
苗栗縣苑裡鎮第1選舉區,115/09/02,鄒秋蘭,無,
苗栗縣苑裡鎮第1選舉區,115/09/03,徐鈺婷,民主進步黨,
苗栗縣苑裡鎮第1選舉區,115/09/03,陳郁元,無,
苗栗縣苑裡鎮第1選舉區,115/09/04,洪晃琦,無,
苗栗縣苑裡鎮第1選舉區,115/09/04,呂景文,無,
苗栗縣苑裡鎮第1選舉區,115/09/04,張平奇,無,
苗栗縣苑裡鎮第1選舉區,115/09/04,孟文源,無,
苗栗縣苑裡鎮第1選舉區,115/09/04,張琦享,無,
苗栗縣苑裡鎮第2選舉區,115/09/02,江世坤,無,
苗栗縣苑裡鎮第2選舉區,115/09/02,張文財,無,
苗栗縣苑裡鎮第2選舉區,115/09/03,賴欣儀,無,
苗栗縣苑裡鎮第3選舉區,115/09/02,陳基寶,無,
苗栗縣苑裡鎮第3選舉區,115/09/02,劉國成,無,
苗栗縣苑裡鎮第3選舉區,115/09/02,林俊廷,無,
苗栗縣通霄鎮第1選舉區,115/09/02,吳昭興,無,
苗栗縣通霄鎮第1選舉區,115/09/02,陳繼宗,無,
苗栗縣通霄鎮第1選舉區,115/09/02,羅可喬,無,
苗栗縣通霄鎮第1選舉區,115/09/03,鄭國雄,無,
苗栗縣通霄鎮第1選舉區,115/09/04,林芸嬅,民主進步黨,
苗栗縣通霄鎮第1選舉區,115/09/04,繆宗翰,台灣民眾黨,
苗栗縣通霄鎮第1選舉區,115/09/04,周志勳,無,
苗栗縣通霄鎮第1選舉區,115/09/04,江珊綾,無,
苗栗縣通霄鎮第2選舉區,115/09/02,吳嘉星,無,
苗栗縣通霄鎮第2選舉區,115/09/02,林輝權,無,
苗栗縣通霄鎮第2選舉區,115/09/03,黃元柱,無,
苗栗縣通霄鎮第3選舉區,115/09/02,徐淑雲,無,
苗栗縣通霄鎮第3選舉區,115/09/02,李淑韻,無,
苗栗縣通霄鎮第3選舉區,115/09/03,曾榮民,無,
苗栗縣通霄鎮第4選舉區,115/09/02,呂金穎,無,
苗栗縣通霄鎮第4選舉區,115/09/03,黃啓森,無,
苗栗縣通霄鎮第4選舉區,115/09/03,陳建成,無,
苗栗縣通霄鎮第4選舉區,115/09/04,黃三榮,無,
苗栗縣竹南鎮第1選舉區,115/09/01,劉志祥,無,
苗栗縣竹南鎮第1選舉區,115/09/02,陳文鋒,無,
苗栗縣竹南鎮第1選舉區,115/09/02,吳秀玉,無,
苗栗縣竹南鎮第1選舉區,115/09/02,蔡振豪,無,
苗栗縣竹南鎮第1選舉區,115/09/02,陳奕臻,無,
苗栗縣竹南鎮第1選舉區,115/09/03,許綉春,中國國民黨,
苗栗縣竹南鎮第1選舉區,115/09/03,林武宗,無,
苗栗縣竹南鎮第1選舉區,115/09/03,康亞琴,無,
苗栗縣竹南鎮第1選舉區,115/09/03,王竟倫,台灣民眾黨,
苗栗縣竹南鎮第2選舉區,115/08/31,陳玉家,無,
苗栗縣竹南鎮第2選舉區,115/09/02,邱進旺,無,
苗栗縣竹南鎮第2選舉區,115/09/03,陳育珍,無,
苗栗縣竹南鎮第2選舉區,115/09/03,林進明,無,
苗栗縣竹南鎮第2選舉區,115/09/03,姜曉芬,無,
苗栗縣竹南鎮第2選舉區,115/09/03,吳冠均,無,
苗栗縣竹南鎮第2選舉區,115/09/04,邱俋珽,無,
苗栗縣竹南鎮第3選舉區,115/08/31,陳智隆,無,
苗栗縣竹南鎮第3選舉區,115/09/01,李羽柔,無,
苗栗縣竹南鎮第3選舉區,115/09/02,李城,無,
苗栗縣竹南鎮第3選舉區,115/09/02,許崇傑,無,
苗栗縣竹南鎮第3選舉區,115/09/02,陳伯文,無,
苗栗縣竹南鎮第4選舉區,115/09/03,連清萬,無,
苗栗縣竹南鎮第4選舉區,115/09/03,林家渝,無,
苗栗縣竹南鎮第4選舉區,115/09/03,莊陳宇,無,
苗栗縣竹南鎮第4選舉區,115/09/03,劉長坤,無,
苗栗縣頭份市第1選舉區,115/09/02,劉宇哲,無,
苗栗縣頭份市第1選舉區,115/09/02,張士能,無,
苗栗縣頭份市第1選舉區,115/09/02,黃宣乾,無,
苗栗縣頭份市第2選舉區,115/08/31,温宜靜,無,
苗栗縣頭份市第2選舉區,115/09/02,蘇信安,無,
苗栗縣頭份市第2選舉區,115/09/02,張愛炫,無,
苗栗縣頭份市第2選舉區,115/09/03,周訓宇,無,
苗栗縣頭份市第3選舉區,115/09/02,黎煥尹,無,
苗栗縣頭份市第3選舉區,115/09/02,白珠珍,無,
苗栗縣頭份市第3選舉區,115/09/02,徐筱啡,台灣民眾黨,
苗栗縣頭份市第3選舉區,115/09/02,黃育烈,無,
苗栗縣頭份市第3選舉區,115/09/02,許銑倫,無,
苗栗縣頭份市第3選舉區,115/09/03,呂品宏,無,
苗栗縣頭份市第3選舉區,115/09/03,邱義智,無,
苗栗縣頭份市第3選舉區,115/09/03,廖盛雄,無,
苗栗縣頭份市第4選舉區,115/09/02,張鈺昇,無,
苗栗縣頭份市第4選舉區,115/09/02,曾畯憲,無,
苗栗縣頭份市第4選舉區,115/09/03,陳光哲,無,
苗栗縣頭份市第4選舉區,115/09/03,蕭廣賢,無,
苗栗縣頭份市第4選舉區,115/09/03,張修銘,無,
苗栗縣頭份市第5選舉區,115/09/02,黎運龍,無,
苗栗縣頭份市第5選舉區,115/09/02,賴惠香,無,
苗栗縣頭份市第5選舉區,115/09/03,黃品原,無,
苗栗縣頭份市第5選舉區,115/09/04,方盈楹,無,
苗栗縣後龍鎮第1選舉區,115/08/31,呂中慶,無,
苗栗縣後龍鎮第1選舉區,115/08/31,鄭家芸,無,
苗栗縣後龍鎮第1選舉區,115/08/31,王光松,無,
苗栗縣後龍鎮第1選舉區,115/09/01,花麗卿,無,
苗栗縣後龍鎮第1選舉區,115/09/02,謝海山,無,
苗栗縣後龍鎮第2選舉區,115/08/31,周政發,無,
苗栗縣後龍鎮第2選舉區,115/08/31,張欽,無,
苗栗縣後龍鎮第2選舉區,115/09/02,林家葦,無,
苗栗縣後龍鎮第2選舉區,115/09/04,陳美璇,無,
苗栗縣後龍鎮第3選舉區,115/08/31,陳美雪,無,
苗栗縣後龍鎮第3選舉區,115/09/02,趙羽茜,無,
苗栗縣後龍鎮第3選舉區,115/09/03,陳國忠,無,
苗栗縣後龍鎮第4選舉區,115/08/31,張海桐,無,
苗栗縣後龍鎮第4選舉區,115/08/31,莊春秋,無,
苗栗縣後龍鎮第4選舉區,115/09/02,王木林,無,
苗栗縣後龍鎮第4選舉區,115/09/02,苗延竹,無,
苗栗縣卓蘭鎮第1選舉區,115/08/31,詹前勝,無,
苗栗縣卓蘭鎮第1選舉區,115/09/01,徐賓鴻,無,
苗栗縣卓蘭鎮第1選舉區,115/09/02,詹愛純,無,
苗栗縣卓蘭鎮第1選舉區,115/09/03,詹偉倫,無,
苗栗縣卓蘭鎮第1選舉區,115/09/03,胡兆烈,無,
苗栗縣卓蘭鎮第1選舉區,115/09/03,詹士慶,無,
苗栗縣卓蘭鎮第1選舉區,115/09/04,張石松,無,
苗栗縣卓蘭鎮第2選舉區,115/08/31,謝兆豐,無,
苗栗縣卓蘭鎮第2選舉區,115/09/02,王俊昌,無,
苗栗縣卓蘭鎮第2選舉區,115/09/03,詹忠山,無,
苗栗縣卓蘭鎮第3選舉區,115/09/02,賴秋蓉,無,
苗栗縣卓蘭鎮第3選舉區,115/09/02,詹偉廷,無,
苗栗縣卓蘭鎮第3選舉區,115/09/02,詹偉強,無,
苗栗縣卓蘭鎮第3選舉區,115/09/04,詹永光,無,
苗栗縣卓蘭鎮第4選舉區,115/09/02,江文祺,無,
苗栗縣卓蘭鎮第4選舉區,115/09/02,蔡亞容,無,
苗栗縣卓蘭鎮第4選舉區,115/09/04,姜運郎,無,
苗栗縣大湖鄉第1選舉區,115/09/02,吳昌璉,無,
苗栗縣大湖鄉第1選舉區,115/09/02,葉琪熏,無,
苗栗縣大湖鄉第1選舉區,115/09/02,陳永豪,無,
苗栗縣大湖鄉第1選舉區,115/09/03,黃貴賢,無,
苗栗縣大湖鄉第1選舉區,115/09/03,林裕欽,無,
苗栗縣大湖鄉第2選舉區,115/08/31,陳國安,無,
苗栗縣大湖鄉第2選舉區,115/09/02,涂德滄,無,
苗栗縣大湖鄉第2選舉區,115/09/02,林文宏,無,
苗栗縣大湖鄉第2選舉區,115/09/02,吳佳銓,無,
苗栗縣大湖鄉第2選舉區,115/09/02,夏玉芯,無,
苗栗縣大湖鄉第2選舉區,115/09/03,葉靜敏,無,
苗栗縣大湖鄉第2選舉區,115/09/04,黃碧先,無,
苗栗縣大湖鄉第2選舉區,115/09/04,劉鴻均,無,
苗栗縣大湖鄉第3選舉區,115/09/01,邱垂魁,無,
苗栗縣大湖鄉第3選舉區,115/09/02,邱菊英,無,
苗栗縣大湖鄉第3選舉區,115/09/02,李文明,無,
苗栗縣大湖鄉第3選舉區,115/09/03,陳致聿,無,
苗栗縣大湖鄉第4選舉區,115/09/02,黃運德,民主進步黨,
苗栗縣大湖鄉第4選舉區,115/09/02,陳增堭,無,
苗栗縣大湖鄉第4選舉區,115/09/03,吳東衡,無,
苗栗縣大湖鄉第4選舉區,115/09/03,范鼎房,無,
苗栗縣大湖鄉第4選舉區,115/09/04,沈寶蓮,無,
苗栗縣公館鄉第1選舉區,115/09/02,邱縵昕,無,
苗栗縣公館鄉第1選舉區,115/09/02,楊家樹,民主進步黨,
苗栗縣公館鄉第1選舉區,115/09/02,鍾添順,無,
苗栗縣公館鄉第1選舉區,115/09/03,彭旻萱,無,
苗栗縣公館鄉第1選舉區,115/09/03,吳瑞雲,無,
苗栗縣公館鄉第1選舉區,115/09/03,陳建華,無,
苗栗縣公館鄉第1選舉區,115/09/04,劉冠霆,無,
苗栗縣公館鄉第2選舉區,115/09/02,張欣榕,無,
苗栗縣公館鄉第2選舉區,115/09/03,黃秀滿,無,
苗栗縣公館鄉第2選舉區,115/09/03,劉怡青,無,
苗栗縣公館鄉第2選舉區,115/09/03,邱俊閔,無,
苗栗縣公館鄉第2選舉區,115/09/03,傅仁宗,無,
苗栗縣公館鄉第2選舉區,115/09/04,黃政君,無,
苗栗縣公館鄉第3選舉區,115/09/01,趙興邦,無,
苗栗縣公館鄉第3選舉區,115/09/02,孫春明,民主進步黨,
苗栗縣公館鄉第3選舉區,115/09/03,謝松鳳,無,
苗栗縣公館鄉第3選舉區,115/09/03,張金隆,無,
苗栗縣公館鄉第3選舉區,115/09/04,周羽心,無,
苗栗縣銅鑼鄉第1選舉區,115/09/02,黃盈隆,無,
苗栗縣銅鑼鄉第1選舉區,115/09/03,賴碧雲,無,
苗栗縣銅鑼鄉第1選舉區,115/09/03,張怡鈞,無,
苗栗縣銅鑼鄉第1選舉區,115/09/03,蕭詩蓉,無,
苗栗縣銅鑼鄉第2選舉區,115/09/02,曾義維,無,
苗栗縣銅鑼鄉第2選舉區,115/09/02,徐鴻鵠,無,
苗栗縣銅鑼鄉第2選舉區,115/09/02,張淑珍,無,
苗栗縣銅鑼鄉第2選舉區,115/09/03,張文光,無,
苗栗縣銅鑼鄉第3選舉區,115/09/02,羅士全,無,
苗栗縣銅鑼鄉第3選舉區,115/09/02,鍾世英,無,
苗栗縣銅鑼鄉第3選舉區,115/09/03,李文郁,無,
苗栗縣銅鑼鄉第3選舉區,115/09/03,鍾兆良,無,
苗栗縣銅鑼鄉第3選舉區,115/09/03,饒鳳珠,無,
苗栗縣銅鑼鄉第3選舉區,115/09/03,賴守信,無,
苗栗縣銅鑼鄉第3選舉區,115/09/04,張維翰,無,
苗栗縣銅鑼鄉第4選舉區,115/09/02,陳正欽,無,
苗栗縣銅鑼鄉第4選舉區,115/09/03,吳美英,無,
苗栗縣銅鑼鄉第4選舉區,115/09/03,劉要國,無,
苗栗縣銅鑼鄉第5選舉區,115/09/02,彭振彬,無,
苗栗縣銅鑼鄉第5選舉區,115/09/03,彭成果,無,
苗栗縣銅鑼鄉第5選舉區,115/09/04,陳國球,無,
苗栗縣南庄鄉第1選舉區,115/09/02,莊新妹,無,
苗栗縣南庄鄉第1選舉區,115/09/03,王玉魁,無,
苗栗縣南庄鄉第1選舉區,115/09/03,張滿福,無,
苗栗縣南庄鄉第1選舉區,115/09/03,陳國順,無,
苗栗縣南庄鄉第2選舉區,115/09/02,陳紹祺,無,
苗栗縣南庄鄉第3選舉區,115/09/01,李本欽,無,
苗栗縣南庄鄉第3選舉區,115/09/02,葉泰成,無,
苗栗縣南庄鄉第3選舉區,115/09/02,黃順源,無,
苗栗縣南庄鄉第3選舉區,115/09/03,蕭阿秋,無,
苗栗縣南庄鄉第4選舉區,115/09/02,風英雄,無,
苗栗縣南庄鄉第4選舉區,115/09/03,高思源,無,
苗栗縣南庄鄉第4選舉區,115/09/04,潘志華,無,
苗栗縣頭屋鄉第1選舉區,115/09/01,魏沁渝,無,
苗栗縣頭屋鄉第1選舉區,115/09/02,徐坤榮,無,
苗栗縣頭屋鄉第1選舉區,115/09/03,范賢達,無,
苗栗縣頭屋鄉第1選舉區,115/09/03,謝美春,無,
苗栗縣頭屋鄉第1選舉區,115/09/04,陳烘業,無,
苗栗縣頭屋鄉第2選舉區,115/08/31,林文政,無,
苗栗縣頭屋鄉第2選舉區,115/09/03,謝欣隆,無,
苗栗縣頭屋鄉第3選舉區,115/09/03,胡錦明,無,
苗栗縣頭屋鄉第3選舉區,115/09/04,楊謝國,無,
苗栗縣頭屋鄉第4選舉區,115/08/31,羅陳秀美,無,
苗栗縣頭屋鄉第4選舉區,115/09/02,徐向辰,無,
苗栗縣頭屋鄉第4選舉區,115/09/02,劉家鈞,無,
苗栗縣頭屋鄉第5選舉區,115/08/31,涂偉倫,無,
苗栗縣頭屋鄉第5選舉區,115/09/01,温智維,無,
苗栗縣三義鄉第1選舉區,115/09/02,古進偉,無,
苗栗縣三義鄉第1選舉區,115/09/02,龔建儒,無,
苗栗縣三義鄉第1選舉區,115/09/02,陳俊勲,無,
苗栗縣三義鄉第1選舉區,115/09/02,劉醇祿,無,
苗栗縣三義鄉第1選舉區,115/09/03,鄭郁潔,無,
苗栗縣三義鄉第1選舉區,115/09/03,賴昌爗,無,
苗栗縣三義鄉第1選舉區,115/09/04,劉士毅,無,
苗栗縣三義鄉第2選舉區,115/09/02,王文成,無,
苗栗縣三義鄉第2選舉區,115/09/02,古子峯,無,
苗栗縣三義鄉第2選舉區,115/09/02,徐慧珠,無,
苗栗縣三義鄉第2選舉區,115/09/02,蔡麗霜,無,
苗栗縣三義鄉第2選舉區,115/09/03,呂明忠,無,
苗栗縣三義鄉第3選舉區,115/09/02,羅時松,無,
苗栗縣三義鄉第3選舉區,115/09/03,吳肇淦,無,
苗栗縣三義鄉第3選舉區,115/09/03,林煒育,無,
苗栗縣三義鄉第3選舉區,115/09/03,張玉鳳,無,
苗栗縣三義鄉第4選舉區,115/09/02,彭秀員,無,
苗栗縣三義鄉第4選舉區,115/09/04,黃富裕,無,
苗栗縣西湖鄉第1選舉區,115/08/31,古金綱,無,
苗栗縣西湖鄉第1選舉區,115/09/02,張智傑,無,
苗栗縣西湖鄉第1選舉區,115/09/02,陳碧華,無,
苗栗縣西湖鄉第1選舉區,115/09/02,賴廷煜,無,
苗栗縣西湖鄉第1選舉區,115/09/02,吳兆耀,無,
苗栗縣西湖鄉第1選舉區,115/09/03,邱暐程,無,
苗栗縣西湖鄉第2選舉區,115/09/02,林麗如,無,
苗栗縣西湖鄉第2選舉區,115/09/02,吳峻毅,無,
苗栗縣西湖鄉第2選舉區,115/09/02,吳承泰,無,
苗栗縣西湖鄉第2選舉區,115/09/02,黎秀賢,無,
苗栗縣西湖鄉第2選舉區,115/09/03,陳永義,無,
苗栗縣西湖鄉第2選舉區,115/09/04,黃玉英,無,
苗栗縣西湖鄉第2選舉區,115/09/04,古召善,無,
苗栗縣造橋鄉第1選舉區,115/08/31,巫翔裘,無,
苗栗縣造橋鄉第1選舉區,115/09/02,栢健薰,無,
苗栗縣造橋鄉第1選舉區,115/09/02,李春男,無,
苗栗縣造橋鄉第1選舉區,115/09/03,劉葳綺,無,
苗栗縣造橋鄉第2選舉區,115/09/02,許菁芸,無,
苗栗縣造橋鄉第2選舉區,115/09/02,陳琦芳,無,
苗栗縣造橋鄉第2選舉區,115/09/02,羅人豪,無,
苗栗縣造橋鄉第3選舉區,115/09/01,楊金蓮,無,
苗栗縣造橋鄉第3選舉區,115/09/02,陳有凌,無,
苗栗縣造橋鄉第3選舉區,115/09/02,黃文昌,無,
苗栗縣造橋鄉第3選舉區,115/09/02,謝佩玲,無,
苗栗縣造橋鄉第3選舉區,115/09/02,陳彥丞,無,
苗栗縣造橋鄉第3選舉區,115/09/03,廖義勇,無,
苗栗縣造橋鄉第3選舉區,115/09/03,林鳳珠,無,
苗栗縣造橋鄉第3選舉區,115/09/03,連秀珠,無,
苗栗縣造橋鄉第3選舉區,115/09/03,張梅蘭,中華愛國同心黨,
苗栗縣造橋鄉第3選舉區,115/09/03,張秀菊,無,
苗栗縣造橋鄉第4選舉區,115/09/02,蕭凱綸,無,
苗栗縣造橋鄉第4選舉區,115/09/02,林憲宗,無,
苗栗縣造橋鄉第4選舉區,115/09/02,陳榮華,無,
苗栗縣造橋鄉第4選舉區,115/09/02,林文欽,無,
苗栗縣造橋鄉第4選舉區,115/09/03,朱建駿,無,
苗栗縣三灣鄉第1選舉區,115/09/02,廖順和,無,
苗栗縣三灣鄉第1選舉區,115/09/02,呂曉芳,無,
苗栗縣三灣鄉第1選舉區,115/09/03,劉宥興,無,
苗栗縣三灣鄉第1選舉區,115/09/03,張桂泉,無,
苗栗縣三灣鄉第1選舉區,115/09/03,彭秀珠,無,
苗栗縣三灣鄉第1選舉區,115/09/03,葉曉菁,無,
苗栗縣三灣鄉第2選舉區,115/08/31,黎煥興,無,
苗栗縣三灣鄉第2選舉區,115/09/03,陳燕花,無,
苗栗縣三灣鄉第3選舉區,115/09/02,林玲卿,無,
苗栗縣三灣鄉第3選舉區,115/09/02,黃開相,無,
苗栗縣三灣鄉第3選舉區,115/09/03,徐兆宏,無,
苗栗縣獅潭鄉第1選舉區,115/09/02,魏漢鎮,無,
苗栗縣獅潭鄉第1選舉區,115/09/02,劉弘予,無,
苗栗縣獅潭鄉第1選舉區,115/09/03,林昌元,無,
苗栗縣獅潭鄉第1選舉區,115/09/03,簡國榮,無,
苗栗縣獅潭鄉第1選舉區,115/09/03,黃敏琪,無,
苗栗縣獅潭鄉第2選舉區,115/09/02,劉漢廷,無,
苗栗縣獅潭鄉第2選舉區,115/09/02,曾志豪,無,
苗栗縣獅潭鄉第2選舉區,115/09/03,鍾文國,無,
苗栗縣獅潭鄉第3選舉區,115/09/02,賴炫樺,無,
苗栗縣獅潭鄉第3選舉區,115/09/02,劉雪梅,無,
苗栗縣泰安鄉第1選舉區,115/09/02,林昭興,無,
苗栗縣泰安鄉第1選舉區,115/09/02,曾玉琴,無,
苗栗縣泰安鄉第1選舉區,115/09/03,盧光明,無,
苗栗縣泰安鄉第1選舉區,115/09/04,林松柏,無,
苗栗縣泰安鄉第1選舉區,115/09/04,劉興殷,無,
苗栗縣泰安鄉第2選舉區,115/09/02,高晉揚,無,
苗栗縣泰安鄉第2選舉區,115/09/02,謝清亮,無,
苗栗縣泰安鄉第2選舉區,115/09/02,何玉珍,無,
苗栗縣泰安鄉第3選舉區,115/09/01,賴哲明,無,
苗栗縣泰安鄉第3選舉區,115/09/02,柯武宏,無,
苗栗縣泰安鄉第3選舉區,115/09/02,陳道光,無,
苗栗縣泰安鄉第3選舉區,115/09/03,柯宏憲,無,
彰化縣彰化市第1選舉區,115/08/31,吳籠吏,無,
彰化縣彰化市第1選舉區,115/08/31,黃添生,無,
彰化縣彰化市第1選舉區,115/09/01,鄭安棋,無,
彰化縣彰化市第1選舉區,115/09/02,李其翰,無,
彰化縣彰化市第1選舉區,115/09/02,黄正豪,無,
彰化縣彰化市第1選舉區,115/09/02,薛志彬,無,
彰化縣彰化市第1選舉區,115/09/02,薛方壹,台灣民眾黨,
彰化縣彰化市第1選舉區,115/09/02,江炳輝,民主進步黨,
彰化縣彰化市第1選舉區,115/09/02,楊雅鈞,民主進步黨,
彰化縣彰化市第1選舉區,115/09/02,林大傑,無,
彰化縣彰化市第1選舉區,115/09/02,胡再和,中國國民黨,
彰化縣彰化市第1選舉區,115/09/02,陳建隆,無,
彰化縣彰化市第1選舉區,115/09/03,朱婉瑜,無,
彰化縣彰化市第1選舉區,115/09/03,李吉發,民主進步黨,
彰化縣彰化市第1選舉區,115/09/04,黃稜茹,中國國民黨,
彰化縣彰化市第2選舉區,115/09/02,蔡錫智,無,
彰化縣彰化市第2選舉區,115/09/02,林新純,無,
彰化縣彰化市第2選舉區,115/09/02,周平,民主進步黨,
彰化縣彰化市第2選舉區,115/09/02,王世烈,無,
彰化縣彰化市第2選舉區,115/09/02,林亞軒,台灣民眾黨,
彰化縣彰化市第2選舉區,115/09/02,沈雲謙,中國青年黨,
彰化縣彰化市第2選舉區,115/09/03,屈炳秋,民主進步黨,
彰化縣彰化市第2選舉區,115/09/03,蔡宗瑋,無,
彰化縣彰化市第2選舉區,115/09/04,黃唯軒,民主進步黨,
彰化縣彰化市第2選舉區,115/09/04,李佾蓁,無,
彰化縣彰化市第3選舉區,115/08/31,吳淑敏,無,
彰化縣彰化市第3選舉區,115/08/31,林偉儒,民主進步黨,
彰化縣彰化市第3選舉區,115/09/02,薛穎婷,無,
彰化縣彰化市第3選舉區,115/09/02,楊玉山,無,
彰化縣彰化市第3選舉區,115/09/02,黄于芳,無,
彰化縣彰化市第3選舉區,115/09/02,董立凱,台灣民眾黨,
彰化縣彰化市第3選舉區,115/09/03,吳馬劦怜,中國國民黨,
彰化縣彰化市第4選舉區,115/08/31,張家倫,無,
彰化縣彰化市第4選舉區,115/09/02,鄭清龍,無,
彰化縣彰化市第4選舉區,115/09/02,張育彬,中國國民黨,
彰化縣彰化市第4選舉區,115/09/02,彭成翔,無,
彰化縣彰化市第4選舉區,115/09/02,宋玅女,無,
彰化縣彰化市第4選舉區,115/09/02,周雅婷,無,
彰化縣彰化市第4選舉區,115/09/02,林志儒,民主進步黨,
彰化縣彰化市第4選舉區,115/09/02,郭凱倫,台灣民眾黨,
彰化縣彰化市第4選舉區,115/09/03,林明賢,無,
彰化縣彰化市第4選舉區,115/09/04,魏文彬,民主進步黨,
彰化縣鹿港鎮第1選舉區,115/09/02,許秉鋐,無,
彰化縣鹿港鎮第1選舉區,115/09/02,許哲葦,無,
彰化縣鹿港鎮第1選舉區,115/09/02,張雅晴,民主進步黨,
彰化縣鹿港鎮第1選舉區,115/09/02,何麗觀,無,
彰化縣鹿港鎮第1選舉區,115/09/02,李春賢,民主進步黨,
彰化縣鹿港鎮第1選舉區,115/09/02,施瑞隆,無,
彰化縣鹿港鎮第2選舉區,115/09/02,施義成,無,
彰化縣鹿港鎮第2選舉區,115/09/02,林獻章,無,
彰化縣鹿港鎮第3選舉區,115/08/31,張愉婕,無,
彰化縣鹿港鎮第3選舉區,115/09/02,王麗雯,無,
彰化縣鹿港鎮第3選舉區,115/09/02,劉俊毓,無,
彰化縣鹿港鎮第3選舉區,115/09/02,施信任,無,
彰化縣鹿港鎮第4選舉區,115/08/31,粘清,無,
彰化縣鹿港鎮第4選舉區,115/08/31,謝孟釗,無,
彰化縣鹿港鎮第4選舉區,115/09/02,王建斌,民主進步黨,
彰化縣鹿港鎮第4選舉區,115/09/02,潘閔東,無,
彰化縣鹿港鎮第4選舉區,115/09/02,王炫斐,無,
彰化縣鹿港鎮第4選舉區,115/09/02,郭坤昌,無,
彰化縣鹿港鎮第4選舉區,115/09/02,潘順良,無,
彰化縣鹿港鎮第4選舉區,115/09/02,洪永川,無,
彰化縣鹿港鎮第4選舉區,115/09/03,許富足,無,
彰化縣和美鎮第1選舉區,115/09/02,林麗嬌,無,
彰化縣和美鎮第1選舉區,115/09/02,埕春美,無,
彰化縣和美鎮第1選舉區,115/09/03,柯姿鳳,民主進步黨,
彰化縣和美鎮第1選舉區,115/09/03,林詩茹,無,
彰化縣和美鎮第1選舉區,115/09/03,蔡佳君,無,
彰化縣和美鎮第1選舉區,115/09/03,施承佑,無,
彰化縣和美鎮第1選舉區,115/09/04,周保方,中國國民黨,
彰化縣和美鎮第2選舉區,115/08/31,柯駿榮,無,
彰化縣和美鎮第2選舉區,115/09/02,柯振奇,無,
彰化縣和美鎮第2選舉區,115/09/02,曾薇娟,無,
彰化縣和美鎮第2選舉區,115/09/03,李宗盛,民主進步黨,
彰化縣和美鎮第2選舉區,115/09/03,周儀君,無,
彰化縣和美鎮第2選舉區,115/09/03,高秀麗,無,
彰化縣和美鎮第2選舉區,115/09/03,鄭順誌,無,
彰化縣和美鎮第3選舉區,115/09/02,林忠政,無,
彰化縣和美鎮第3選舉區,115/09/02,陳俊豪,無,
彰化縣和美鎮第3選舉區,115/09/03,黃美鳳,民主進步黨,
彰化縣和美鎮第3選舉區,115/09/03,何吉盛,中國國民黨,
彰化縣和美鎮第3選舉區,115/09/04,陳淑芬,中國國民黨,
彰化縣和美鎮第3選舉區,115/09/04,蔡志嘉,無,
彰化縣和美鎮第4選舉區,115/09/02,葉恩瑞,無,
彰化縣和美鎮第4選舉區,115/09/04,陳泊羽,無,
彰化縣和美鎮第4選舉區,115/09/04,蔡瑞嘉,無,
彰化縣線西鄉第1選舉區,115/08/31,黃富民,無,
彰化縣線西鄉第1選舉區,115/08/31,陳姿燕,無,
彰化縣線西鄉第1選舉區,115/09/01,黃志銘,無,
彰化縣線西鄉第1選舉區,115/09/02,黃政欽,無,
彰化縣線西鄉第1選舉區,115/09/02,陳彥豪,無,
彰化縣線西鄉第1選舉區,115/09/02,陳晏玲,無,
彰化縣線西鄉第1選舉區,115/09/03,黃泯嘉,無,
彰化縣線西鄉第1選舉區,115/09/03,林榮文,無,
彰化縣線西鄉第2選舉區,115/09/02,曾文忠,無,
彰化縣線西鄉第2選舉區,115/09/03,黃和鎮,無,
彰化縣線西鄉第2選舉區,115/09/03,黃俊隆,無,
彰化縣線西鄉第3選舉區,115/08/31,黃慶昌,無,
彰化縣線西鄉第3選舉區,115/09/01,許富榮,無,
彰化縣線西鄉第3選舉區,115/09/01,張慶尉,無,
彰化縣線西鄉第3選舉區,115/09/02,謝美美,無,
彰化縣線西鄉第3選舉區,115/09/02,黃朝登,無,
彰化縣線西鄉第3選舉區,115/09/02,陳博宇,無,
彰化縣線西鄉第3選舉區,115/09/03,廖宥淇,無,
彰化縣伸港鄉第1選舉區,115/08/31,謝宗富,無,
彰化縣伸港鄉第1選舉區,115/08/31,柯淳耀,無,
彰化縣伸港鄉第1選舉區,115/09/03,洪榮興,無,
彰化縣伸港鄉第2選舉區,115/09/02,柯佳君,無,
彰化縣伸港鄉第2選舉區,115/09/02,柯嘉換,無,
彰化縣伸港鄉第2選舉區,115/09/02,柯俊生,無,
彰化縣伸港鄉第3選舉區,115/09/01,蕭宏裕,中國國民黨,
彰化縣伸港鄉第3選舉區,115/09/02,陳聿琦,無,
彰化縣伸港鄉第3選舉區,115/09/02,曾正安,無,
彰化縣伸港鄉第3選舉區,115/09/02,周慶郎,無,
彰化縣伸港鄉第3選舉區,115/09/03,李如峰,無,
彰化縣伸港鄉第3選舉區,115/09/03,周隆潭,無,
彰化縣伸港鄉第4選舉區,115/09/02,柯峯茗,無,
彰化縣伸港鄉第4選舉區,115/09/02,周育如,無,
彰化縣伸港鄉第4選舉區,115/09/03,柯尊暐,無,
彰化縣伸港鄉第4選舉區,115/09/03,黃素月,無,
彰化縣伸港鄉第4選舉區,115/09/03,謝秉原,無,
彰化縣伸港鄉第4選舉區,115/09/03,柯承翰,無,
彰化縣福興鄉第1選舉區,115/09/02,陳秀玲,民主進步黨,
彰化縣福興鄉第1選舉區,115/09/02,許伯榮,無,
彰化縣福興鄉第1選舉區,115/09/02,尤芳芳,無,
彰化縣福興鄉第1選舉區,115/09/03,梁肯豊,無,
彰化縣福興鄉第1選舉區,115/09/03,陳益昌,無,
彰化縣福興鄉第2選舉區,115/09/01,梁福來,民主進步黨,
彰化縣福興鄉第2選舉區,115/09/02,林桂華,無,
彰化縣福興鄉第2選舉區,115/09/02,吳鎮江,無,
彰化縣福興鄉第2選舉區,115/09/02,鄧厚根,無,
彰化縣福興鄉第3選舉區,115/08/31,黃厚綿,無,
彰化縣福興鄉第3選舉區,115/09/01,粘惠青,中國國民黨,
彰化縣福興鄉第3選舉區,115/09/01,楊岱銨,無,
彰化縣福興鄉第3選舉區,115/09/02,施有信,無,
彰化縣福興鄉第3選舉區,115/09/02,黃建元,無,
彰化縣福興鄉第3選舉區,115/09/02,陳韋恩,無,
彰化縣福興鄉第3選舉區,115/09/02,粘文交,民主進步黨,
彰化縣福興鄉第3選舉區,115/09/03,黃怡雯,台灣民眾黨,
彰化縣秀水鄉第1選舉區,115/08/31,吳正旺,無,
彰化縣秀水鄉第1選舉區,115/09/01,黃家宏,無,
彰化縣秀水鄉第1選舉區,115/09/02,林沛瑩,無,
彰化縣秀水鄉第1選舉區,115/09/02,洪鄭沛瑜,無,
彰化縣秀水鄉第1選舉區,115/09/02,吳芳羽,無,
彰化縣秀水鄉第1選舉區,115/09/02,陳鑲萍,民主進步黨,
彰化縣秀水鄉第1選舉區,115/09/02,陳昀志,時代力量,
彰化縣秀水鄉第1選舉區,115/09/04,余豐吉,無,
彰化縣秀水鄉第2選舉區,115/08/31,張玉龍,無,
彰化縣秀水鄉第2選舉區,115/08/31,楊錦發,無,
彰化縣秀水鄉第2選舉區,115/09/04,吳明發,無,
彰化縣秀水鄉第3選舉區,115/08/31,林澄洋,無,
彰化縣秀水鄉第3選舉區,115/09/02,林英俊,無,
彰化縣秀水鄉第3選舉區,115/09/02,周偉霖,無,
彰化縣秀水鄉第3選舉區,115/09/02,吳泳慧,中國國民黨,
彰化縣秀水鄉第3選舉區,115/09/02,蘇浚豐,無,
彰化縣秀水鄉第3選舉區,115/09/03,梁淑絹,民主進步黨,
彰化縣花壇鄉第1選舉區,115/09/02,李政雄,無,
彰化縣花壇鄉第1選舉區,115/09/02,詹畯富,無,
彰化縣花壇鄉第1選舉區,115/09/02,洪信獻,無,
彰化縣花壇鄉第1選舉區,115/09/02,陳冠豪,台灣民眾黨,
彰化縣花壇鄉第1選舉區,115/09/02,許澤鈿,無,
彰化縣花壇鄉第1選舉區,115/09/03,白雯婷,民主進步黨,
彰化縣花壇鄉第1選舉區,115/09/03,李金芳,中國國民黨,
彰化縣花壇鄉第2選舉區,115/09/02,葉尚雯,民主進步黨,
彰化縣花壇鄉第2選舉區,115/09/02,曾琬舒,無,
彰化縣花壇鄉第2選舉區,115/09/02,顏允豐,無,
彰化縣花壇鄉第2選舉區,115/09/03,許育銘,無,
彰化縣花壇鄉第2選舉區,115/09/03,黃昭溢,無,
彰化縣花壇鄉第2選舉區,115/09/03,翁啓祐,中國國民黨,
彰化縣花壇鄉第2選舉區,115/09/03,李翊瑋,民主進步黨,
彰化縣花壇鄉第2選舉區,115/09/03,曹煙雯,無,
彰化縣花壇鄉第3選舉區,115/09/02,李協益,無,
彰化縣花壇鄉第3選舉區,115/09/02,陳新興,無,
彰化縣花壇鄉第3選舉區,115/09/02,李勝紘,無,
彰化縣花壇鄉第3選舉區,115/09/02,魏行墨,無,
彰化縣花壇鄉第3選舉區,115/09/03,李永和,無,
彰化縣花壇鄉第3選舉區,115/09/04,黄沛淳,無,
彰化縣芬園鄉第1選舉區,115/08/31,楊敏惠,無,
彰化縣芬園鄉第1選舉區,115/09/02,林育群,無,
彰化縣芬園鄉第1選舉區,115/09/02,林素玲,無,
彰化縣芬園鄉第1選舉區,115/09/02,林忠誠,無,
彰化縣芬園鄉第1選舉區,115/09/02,黃宥穎,無,
彰化縣芬園鄉第2選舉區,115/08/31,江黃秀銀,無,
彰化縣芬園鄉第2選舉區,115/09/01,林已翔,民主進步黨,
彰化縣芬園鄉第2選舉區,115/09/02,陳佑羽,無,
彰化縣芬園鄉第2選舉區,115/09/02,林金堂,無,
彰化縣芬園鄉第2選舉區,115/09/02,張峰偉,無,
彰化縣芬園鄉第2選舉區,115/09/04,黃麗芳,無,
彰化縣芬園鄉第3選舉區,115/09/02,莊志聰,無,
彰化縣芬園鄉第3選舉區,115/09/02,莊錫演,無,
彰化縣芬園鄉第3選舉區,115/09/02,陳美嬌,無,
彰化縣芬園鄉第3選舉區,115/09/03,謝武秀,無,
彰化縣芬園鄉第4選舉區,115/09/03,許林心,無,
彰化縣芬園鄉第4選舉區,115/09/03,梁世宗,無,
彰化縣芬園鄉第4選舉區,115/09/03,蘇文徹,無,
彰化縣員林市第1選舉區,115/09/02,江念穎,無,
彰化縣員林市第1選舉區,115/09/02,江品蓉,民主進步黨,
彰化縣員林市第1選舉區,115/09/02,謝淑敏,無,
彰化縣員林市第1選舉區,115/09/02,張國良,中國國民黨,
彰化縣員林市第1選舉區,115/09/04,張徽澤,中國國民黨,
彰化縣員林市第2選舉區,115/08/31,洪春美,無,
彰化縣員林市第2選舉區,115/08/31,賴秋桂,中國國民黨,
彰化縣員林市第2選舉區,115/09/01,黃千芮,無,
彰化縣員林市第2選舉區,115/09/02,吳政彥,中國國民黨,
彰化縣員林市第2選舉區,115/09/02,曹月碧,民主進步黨,
彰化縣員林市第2選舉區,115/09/02,謝宜芳,無,
彰化縣員林市第2選舉區,115/09/02,王勝坪,民主進步黨,
彰化縣員林市第2選舉區,115/09/03,張嘉龍,台灣民眾黨,
彰化縣員林市第2選舉區,115/09/03,陳侑興,無,
彰化縣員林市第3選舉區,115/08/31,張偉傑,中國國民黨,
彰化縣員林市第3選舉區,115/08/31,陳文明,民主進步黨,
彰化縣員林市第3選舉區,115/09/01,石宗凱,中國國民黨,
彰化縣員林市第3選舉區,115/09/02,何國維,無,
彰化縣員林市第3選舉區,115/09/02,林玟佑,無,
彰化縣員林市第3選舉區,115/09/02,洪煜婷,無,
彰化縣員林市第3選舉區,115/09/02,洪志聖,無,
彰化縣員林市第3選舉區,115/09/02,張瑀瑩,無,
彰化縣員林市第3選舉區,115/09/03,林金泉,民主進步黨,
彰化縣員林市第3選舉區,115/09/03,許佑宇,中華文化共和黨,
彰化縣員林市第3選舉區,115/09/03,邱郁文,台灣民眾黨,
彰化縣員林市第4選舉區,115/08/31,彭惠敏,中國國民黨,
彰化縣員林市第4選舉區,115/09/01,馮明仕,無,
彰化縣員林市第4選舉區,115/09/02,張仕穎,台灣民眾黨,
彰化縣員林市第4選舉區,115/09/02,黃金堂,民主進步黨,
彰化縣員林市第4選舉區,115/09/02,徐培財,無,
彰化縣員林市第4選舉區,115/09/02,林育生,中國國民黨,
彰化縣員林市第4選舉區,115/09/02,張淑靜,中國國民黨,
彰化縣員林市第4選舉區,115/09/02,黃瓊誼,無,
彰化縣溪湖鎮第1選舉區,115/09/02,廖明豐,無,
彰化縣溪湖鎮第1選舉區,115/09/02,黃盡春,民主進步黨,
彰化縣溪湖鎮第1選舉區,115/09/02,陳世明,無,
彰化縣溪湖鎮第1選舉區,115/09/02,劉晚玉,中國國民黨,
彰化縣溪湖鎮第1選舉區,115/09/02,陳孟君,無,
彰化縣溪湖鎮第1選舉區,115/09/02,胡嘉俊,無,
彰化縣溪湖鎮第1選舉區,115/09/03,施合建,無,
彰化縣溪湖鎮第1選舉區,115/09/04,張心茹,無,
彰化縣溪湖鎮第2選舉區,115/08/31,楊淑靜,無,
彰化縣溪湖鎮第2選舉區,115/08/31,楊永豐,無,
彰化縣溪湖鎮第2選舉區,115/09/02,楊舒萍,中國國民黨,
彰化縣溪湖鎮第2選舉區,115/09/02,楊儒斌,無,
彰化縣溪湖鎮第2選舉區,115/09/02,楊儒海,無,
彰化縣溪湖鎮第2選舉區,115/09/02,黃品誠,無,
彰化縣溪湖鎮第2選舉區,115/09/03,施佩怡,無,
彰化縣溪湖鎮第2選舉區,115/09/04,楊隆芳,無,
彰化縣溪湖鎮第3選舉區,115/08/31,黃秀椿,中國國民黨,
彰化縣溪湖鎮第3選舉區,115/09/03,陳孟宏,無,
彰化縣溪湖鎮第3選舉區,115/09/04,黃瑞珠,無,
彰化縣田中鎮第1選舉區,115/08/31,陳瑞德,無,
彰化縣田中鎮第1選舉區,115/08/31,謝自強,無,
彰化縣田中鎮第1選舉區,115/08/31,蕭菀君,無,
彰化縣田中鎮第1選舉區,115/09/02,陳明圳,無,
彰化縣田中鎮第2選舉區,115/08/31,陳東傑,無,
彰化縣田中鎮第2選舉區,115/09/02,陳瓊如,無,
彰化縣田中鎮第2選舉區,115/09/03,陳耀堂,無,
彰化縣田中鎮第2選舉區,115/09/03,賴世賢,無,
彰化縣田中鎮第2選舉區,115/09/03,張世雄,無,
彰化縣田中鎮第2選舉區,115/09/03,許清彰,無,
彰化縣田中鎮第2選舉區,115/09/04,陳吉安,無,
彰化縣田中鎮第2選舉區,115/09/04,謝如鑾,民主進步黨,
彰化縣田中鎮第2選舉區,115/09/04,許廷彬,無,
彰化縣田中鎮第3選舉區,115/08/31,黃彩惠,民主進步黨,
彰化縣田中鎮第3選舉區,115/08/31,曾福傳,無,
彰化縣田中鎮第3選舉區,115/08/31,何在鎣,無,
彰化縣田中鎮第3選舉區,115/08/31,葉賞,無,
彰化縣田中鎮第3選舉區,115/08/31,陳衍瑞,中國國民黨,
彰化縣田中鎮第3選舉區,115/09/02,張肇修,無,
彰化縣大村鄉第1選舉區,115/08/31,蕭桂英,無,
彰化縣大村鄉第1選舉區,115/09/02,吳廣助,無,
彰化縣大村鄉第1選舉區,115/09/02,黃文龍,無,
彰化縣大村鄉第1選舉區,115/09/02,蔡秀鳳,無,
彰化縣大村鄉第1選舉區,115/09/02,賴木道,無,
彰化縣大村鄉第2選舉區,115/09/02,黃錫暉,無,
彰化縣大村鄉第2選舉區,115/09/02,黃月嬌,無,
彰化縣大村鄉第2選舉區,115/09/03,黃春福,無,
彰化縣大村鄉第2選舉區,115/09/04,陳祿福,無,
彰化縣大村鄉第3選舉區,115/09/02,黃冠穎,無,
彰化縣大村鄉第3選舉區,115/09/02,王欣文,無,
彰化縣大村鄉第3選舉區,115/09/02,陳珮琳,無,
彰化縣大村鄉第4選舉區,115/08/31,賴慶昇,無,
彰化縣大村鄉第4選舉區,115/08/31,賴柯豪,無,
彰化縣大村鄉第4選舉區,115/09/02,賴英瑜,無,
彰化縣大村鄉第4選舉區,115/09/02,施俊仲,無,
彰化縣大村鄉第4選舉區,115/09/03,黃智裕,無,
彰化縣大村鄉第4選舉區,115/09/04,賴瑞盛,無,
彰化縣埔鹽鄉第1選舉區,115/09/02,陳慶達,無,
彰化縣埔鹽鄉第1選舉區,115/09/02,陳貴玲,無,
彰化縣埔鹽鄉第1選舉區,115/09/03,顏錫寬,無,
彰化縣埔鹽鄉第1選舉區,115/09/04,蔡素卿,無,
彰化縣埔鹽鄉第1選舉區,115/09/04,徐志訓,無,
彰化縣埔鹽鄉第2選舉區,115/09/02,黄素錦,無,
彰化縣埔鹽鄉第2選舉區,115/09/02,劉綉梅,無,
彰化縣埔鹽鄉第2選舉區,115/09/02,劉姵岑,無,
彰化縣埔鹽鄉第2選舉區,115/09/02,李善,無,
彰化縣埔鹽鄉第2選舉區,115/09/02,施永欽,無,
彰化縣埔鹽鄉第2選舉區,115/09/04,梁智宣,台灣民眾黨,
彰化縣埔鹽鄉第3選舉區,115/09/02,施燈源,無,
彰化縣埔鹽鄉第3選舉區,115/09/02,施明坤,無,
彰化縣埔鹽鄉第3選舉區,115/09/03,施朝陽,無,
彰化縣埔鹽鄉第3選舉區,115/09/04,施春貴,無,
彰化縣埔鹽鄉第3選舉區,115/09/04,黃振榮,無,
彰化縣埔心鄉第1選舉區,115/08/31,謝新春,無,
彰化縣埔心鄉第1選舉區,115/08/31,張立志,無,
彰化縣埔心鄉第1選舉區,115/09/01,張榮閔,無,
彰化縣埔心鄉第1選舉區,115/09/02,詹秀貞,無,
彰化縣埔心鄉第1選舉區,115/09/02,陳素蘭,民主進步黨,
彰化縣埔心鄉第1選舉區,115/09/02,邱德芳,無,
彰化縣埔心鄉第1選舉區,115/09/02,徐尚裕,台灣民眾黨,
彰化縣埔心鄉第1選舉區,115/09/02,江易生,無,
彰化縣埔心鄉第1選舉區,115/09/03,張玉鈴,無,
彰化縣埔心鄉第1選舉區,115/09/04,張偉士,無,
彰化縣埔心鄉第2選舉區,115/08/31,蔡宥均,無,
彰化縣埔心鄉第2選舉區,115/09/02,邱類思,無,
彰化縣埔心鄉第2選舉區,115/09/02,蔡宗献,無,
彰化縣埔心鄉第2選舉區,115/09/03,黃雯臻,民主進步黨,
彰化縣埔心鄉第2選舉區,115/09/04,楊恆君,無,
彰化縣埔心鄉第3選舉區,115/09/02,黃坤鼎,無,
彰化縣永靖鄉第1選舉區,115/09/01,張惟荏,台灣民眾黨,
彰化縣永靖鄉第1選舉區,115/09/02,顧文哲,無,
彰化縣永靖鄉第1選舉區,115/09/02,詹尉,無,
彰化縣永靖鄉第1選舉區,115/09/02,黄小芬,無,
彰化縣永靖鄉第1選舉區,115/09/03,詹勲英,無,
彰化縣永靖鄉第2選舉區,115/08/31,江春男,無,
彰化縣永靖鄉第2選舉區,115/09/02,陳丁進,無,
彰化縣永靖鄉第2選舉區,115/09/02,黃玉雪,無,
彰化縣永靖鄉第2選舉區,115/09/02,蕭富元,無,
彰化縣永靖鄉第2選舉區,115/09/02,劉柔婕,民主進步黨,
彰化縣永靖鄉第2選舉區,115/09/02,詹曜維,無,
彰化縣永靖鄉第2選舉區,115/09/02,吳國隆,無,
彰化縣永靖鄉第2選舉區,115/09/02,劉育勝,無,
彰化縣永靖鄉第2選舉區,115/09/03,邱垂梓,無,
彰化縣永靖鄉第3選舉區,115/09/02,陳湘鎮,無,
彰化縣永靖鄉第3選舉區,115/09/02,邱世杰,無,
彰化縣永靖鄉第3選舉區,115/09/02,陳天能,民主進步黨,
彰化縣永靖鄉第3選舉區,115/09/03,陳俊安,無,
彰化縣永靖鄉第3選舉區,115/09/04,吳東海,無,
彰化縣社頭鄉第1選舉區,115/08/31,蕭耀卿,無,
彰化縣社頭鄉第1選舉區,115/08/31,張家維,無,
彰化縣社頭鄉第1選舉區,115/08/31,蕭炳烈,民主進步黨,
彰化縣社頭鄉第1選舉區,115/09/01,劉明進,無,
彰化縣社頭鄉第1選舉區,115/09/02,張森波,無,
彰化縣社頭鄉第1選舉區,115/09/02,邱湧錩,無,
彰化縣社頭鄉第1選舉區,115/09/02,蕭自成,無,
彰化縣社頭鄉第1選舉區,115/09/02,莊詠晴,無,
彰化縣社頭鄉第1選舉區,115/09/02,劉榮宗,民主進步黨,
彰化縣社頭鄉第1選舉區,115/09/02,邱志勇,無,
彰化縣社頭鄉第1選舉區,115/09/03,張麗燕,無,
彰化縣社頭鄉第2選舉區,115/09/02,陶傳淮,無,
彰化縣社頭鄉第2選舉區,115/09/03,邱團財,無,
彰化縣社頭鄉第2選舉區,115/09/03,羅鳳珠,無,
彰化縣社頭鄉第3選舉區,115/09/02,陳慶福,無,
彰化縣社頭鄉第3選舉區,115/09/02,張喬爲,無,
彰化縣社頭鄉第3選舉區,115/09/04,蕭明芳,無,
彰化縣社頭鄉第4選舉區,115/08/31,蕭存修,無,
彰化縣社頭鄉第4選舉區,115/09/03,賴育楣,無,
彰化縣社頭鄉第4選舉區,115/09/04,翁嘉壕,無,
彰化縣二水鄉第1選舉區,115/08/31,蔡文琳,無,
彰化縣二水鄉第1選舉區,115/08/31,蔡承祐,無,
彰化縣二水鄉第1選舉區,115/09/02,陳昭麟,無,
彰化縣二水鄉第1選舉區,115/09/04,莊以邡,無,
彰化縣二水鄉第2選舉區,115/08/31,陳昱誠,無,
彰化縣二水鄉第2選舉區,115/08/31,張鳯修,無,
彰化縣二水鄉第2選舉區,115/08/31,陳瓊輝,無,
彰化縣二水鄉第2選舉區,115/09/02,黃燕雪,無,
彰化縣二水鄉第2選舉區,115/09/02,蔡麗香,無,
彰化縣二水鄉第2選舉區,115/09/02,陳家祐,民主進步黨,
彰化縣二水鄉第2選舉區,115/09/02,賴國楨,無,
彰化縣二水鄉第2選舉區,115/09/03,王士昂,無,
彰化縣二水鄉第2選舉區,115/09/04,楊圳江,無,
彰化縣二水鄉第3選舉區,115/08/31,陳鎮代,無,
彰化縣二水鄉第3選舉區,115/08/31,陳麗珍,無,
彰化縣二水鄉第3選舉區,115/08/31,黃恆應,中國國民黨,
彰化縣二水鄉第3選舉區,115/09/02,陳木傳,無,
彰化縣二水鄉第3選舉區,115/09/03,陳志柔,無,
彰化縣北斗鎮第1選舉區,115/08/31,陳瑞鑣,無,
彰化縣北斗鎮第1選舉區,115/09/02,謝泳河,無,
彰化縣北斗鎮第1選舉區,115/09/02,王東魚,無,
彰化縣北斗鎮第1選舉區,115/09/02,陳世順,民主進步黨,
彰化縣北斗鎮第1選舉區,115/09/03,顏貽松,無,
彰化縣北斗鎮第2選舉區,115/09/02,林素珍,無,
彰化縣北斗鎮第2選舉區,115/09/02,劉國卿,無,
彰化縣北斗鎮第2選舉區,115/09/03,林宗憲,無,
彰化縣北斗鎮第2選舉區,115/09/03,林昆儒,民主進步黨,
彰化縣北斗鎮第3選舉區,115/08/31,陳禾富,無,
彰化縣北斗鎮第3選舉區,115/08/31,王俊超,無,
彰化縣北斗鎮第3選舉區,115/09/01,陳燕蓉,無,
彰化縣北斗鎮第3選舉區,115/09/02,程勝煥,無,
彰化縣北斗鎮第3選舉區,115/09/02,顏明侯,無,
彰化縣北斗鎮第3選舉區,115/09/02,張凱偉,無,
彰化縣北斗鎮第3選舉區,115/09/02,張美芳,無,
彰化縣北斗鎮第3選舉區,115/09/03,黃志偉,民主進步黨,
彰化縣北斗鎮第4選舉區,115/08/31,陳國展,無,
彰化縣北斗鎮第4選舉區,115/09/01,賴文圳,無,
彰化縣北斗鎮第4選舉區,115/09/01,蘇品丞,無,
彰化縣北斗鎮第4選舉區,115/09/02,楊思瑋,無,
彰化縣二林鎮第1選舉區,115/08/31,吳沂瑾,無,
彰化縣二林鎮第1選舉區,115/09/01,陳凱偉,無,
彰化縣二林鎮第1選舉區,115/09/02,陳怡婷,無,
彰化縣二林鎮第1選舉區,115/09/03,洪自然,無,
彰化縣二林鎮第1選舉區,115/09/04,許秀治,無,
彰化縣二林鎮第2選舉區,115/09/02,洪韻茹,無,
彰化縣二林鎮第2選舉區,115/09/04,洪武舜,無,
彰化縣二林鎮第2選舉區,115/09/04,洪啓佑,無,
彰化縣二林鎮第3選舉區,115/09/03,袁震權,無,
彰化縣二林鎮第3選舉區,115/09/03,顏鳳碧,無,
彰化縣二林鎮第3選舉區,115/09/03,曾筠粧,無,
彰化縣二林鎮第3選舉區,115/09/04,蔡宗伯,無,
彰化縣二林鎮第4選舉區,115/09/01,鄭宏昌,無,
彰化縣二林鎮第4選舉區,115/09/02,陳名志,無,
彰化縣二林鎮第4選舉區,115/09/02,吳元清,無,
彰化縣田尾鄉第1選舉區,115/09/02,賴妍秀,無,
彰化縣田尾鄉第1選舉區,115/09/02,許世昌,無,
彰化縣田尾鄉第1選舉區,115/09/02,王苡嫣,無,
彰化縣田尾鄉第1選舉區,115/09/03,陳建誌,無,
彰化縣田尾鄉第1選舉區,115/09/03,楊舒帆,無,
彰化縣田尾鄉第1選舉區,115/09/04,李建宏,無,
彰化縣田尾鄉第1選舉區,115/09/04,謝釋龍,無,
彰化縣田尾鄉第1選舉區,115/09/04,楊惠雯,無,
彰化縣田尾鄉第2選舉區,115/09/02,顏清松,無,
彰化縣田尾鄉第2選舉區,115/09/02,吳俊樑,無,
彰化縣田尾鄉第2選舉區,115/09/03,傅喬鈺,無,
彰化縣田尾鄉第3選舉區,115/09/02,蕭建文,無,
彰化縣田尾鄉第3選舉區,115/09/02,劉健偉,無,
彰化縣田尾鄉第3選舉區,115/09/02,張勝彬,無,
彰化縣田尾鄉第3選舉區,115/09/03,陳振銘,無,
彰化縣田尾鄉第3選舉區,115/09/04,陳孟杰,無,
彰化縣埤頭鄉第1選舉區,115/08/31,許晋里,無,
彰化縣埤頭鄉第1選舉區,115/08/31,卓美伶,無,
彰化縣埤頭鄉第1選舉區,115/09/02,吳天林,無,
彰化縣埤頭鄉第1選舉區,115/09/02,許泰祥,台灣民眾黨,
彰化縣埤頭鄉第1選舉區,115/09/03,吳宥蓁,無,
彰化縣埤頭鄉第1選舉區,115/09/03,張春財,無,
彰化縣埤頭鄉第2選舉區,115/08/31,吳三存,無,
彰化縣埤頭鄉第2選舉區,115/08/31,陳俊清,無,
彰化縣埤頭鄉第2選舉區,115/08/31,吳慧菁,無,
彰化縣埤頭鄉第2選舉區,115/09/02,劉瑋榕,無,
彰化縣埤頭鄉第2選舉區,115/09/02,吳志成,無,
彰化縣埤頭鄉第2選舉區,115/09/02,王俊智,無,
彰化縣埤頭鄉第2選舉區,115/09/02,陳淑君,無,
彰化縣埤頭鄉第2選舉區,115/09/03,楊松柏,中國國民黨,
彰化縣埤頭鄉第2選舉區,115/09/03,黃翰文,無,
彰化縣埤頭鄉第2選舉區,115/09/03,陳湘蓁,無,
彰化縣埤頭鄉第2選舉區,115/09/04,顏永吉,無,
彰化縣埤頭鄉第3選舉區,115/09/03,劉英科,無,
彰化縣埤頭鄉第3選舉區,115/09/03,黃永成,無,
彰化縣埤頭鄉第4選舉區,115/08/31,鄭麗玉,民主進步黨,
彰化縣埤頭鄉第4選舉區,115/09/02,李旭東,無,
彰化縣芳苑鄉第1選舉區,115/08/31,陳宗壁,無,
彰化縣芳苑鄉第1選舉區,115/08/31,許清安,無,
彰化縣芳苑鄉第1選舉區,115/08/31,陳建財,無,
彰化縣芳苑鄉第1選舉區,115/09/02,洪進來,無,
彰化縣芳苑鄉第1選舉區,115/09/03,顏志華,無,
彰化縣芳苑鄉第2選舉區,115/09/02,謝淑燕,無,
彰化縣芳苑鄉第2選舉區,115/09/04,謝孟衡,無,
彰化縣芳苑鄉第2選舉區,115/09/04,謝健郎,無,
彰化縣芳苑鄉第3選舉區,115/08/31,林冬戶,無,
彰化縣芳苑鄉第3選舉區,115/09/02,林清在,無,
彰化縣芳苑鄉第3選舉區,115/09/03,林有文,無,
彰化縣芳苑鄉第3選舉區,115/09/03,陳國,無,
彰化縣芳苑鄉第3選舉區,115/09/04,陳錦雲,無,
彰化縣芳苑鄉第4選舉區,115/09/02,陳美惠,無,
彰化縣芳苑鄉第4選舉區,115/09/02,陳禮模,無,
彰化縣芳苑鄉第4選舉區,115/09/02,黃靖雅,無,
彰化縣芳苑鄉第4選舉區,115/09/02,陳進吉,無,
彰化縣芳苑鄉第4選舉區,115/09/04,黃國平,無,
彰化縣芳苑鄉第4選舉區,115/09/04,林喬國,無,
彰化縣大城鄉第1選舉區,115/09/02,蔡新徵,無,
彰化縣大城鄉第1選舉區,115/09/02,林明宗,無,
彰化縣大城鄉第1選舉區,115/09/03,鍾秀英,無,
彰化縣大城鄉第1選舉區,115/09/04,陳月嬌,無,
彰化縣大城鄉第2選舉區,115/09/02,許月鈴,無,
彰化縣大城鄉第2選舉區,115/09/02,蔡天瑞,無,
彰化縣大城鄉第2選舉區,115/09/02,林玉堂,無,
彰化縣大城鄉第2選舉區,115/09/02,許瑞芳,無,
彰化縣大城鄉第2選舉區,115/09/02,游玉美,無,
彰化縣大城鄉第2選舉區,115/09/04,洪景宏,無,
彰化縣大城鄉第3選舉區,115/09/01,林江旭,無,
彰化縣大城鄉第3選舉區,115/09/02,許明言,無,
彰化縣大城鄉第3選舉區,115/09/02,許全守,無,
彰化縣大城鄉第3選舉區,115/09/02,許文愷,無,
彰化縣大城鄉第3選舉區,115/09/03,蔡舜逢,無,
彰化縣大城鄉第4選舉區,115/09/02,李建和,無,
彰化縣大城鄉第4選舉區,115/09/02,陳文龍,無,
彰化縣大城鄉第4選舉區,115/09/03,蔡進來,無,
彰化縣大城鄉第4選舉區,115/09/03,陳泳廷,無,
彰化縣大城鄉第4選舉區,115/09/04,邱郁喬,無,
彰化縣竹塘鄉第1選舉區,115/09/02,林浚熙,無,
彰化縣竹塘鄉第1選舉區,115/09/03,洪娜美,無,
彰化縣竹塘鄉第1選舉區,115/09/03,紀宗成,無,
彰化縣竹塘鄉第1選舉區,115/09/04,詹清水,無,
彰化縣竹塘鄉第1選舉區,115/09/04,圍政麟,無,
彰化縣竹塘鄉第2選舉區,115/08/31,邱威憲,無,
彰化縣竹塘鄉第2選舉區,115/09/02,莊志文,無,
彰化縣竹塘鄉第2選舉區,115/09/02,莊道成,無,
彰化縣竹塘鄉第3選舉區,115/09/01,黃崇啓,無,
彰化縣竹塘鄉第3選舉區,115/09/02,蔡進欽,無,
彰化縣竹塘鄉第3選舉區,115/09/02,蔡俊傑,無,
彰化縣竹塘鄉第3選舉區,115/09/02,林明棟,無,
彰化縣竹塘鄉第4選舉區,115/08/31,葉劍輝,無,
彰化縣竹塘鄉第4選舉區,115/08/31,黃豊元,無,
彰化縣竹塘鄉第4選舉區,115/09/02,詹清鴻,無,
彰化縣竹塘鄉第4選舉區,115/09/03,詹江華,無,
彰化縣溪州鄉第4選舉區,115/09/02,廖學進,無,
彰化縣溪州鄉第3選舉區,115/09/02,陳元振,民主進步黨,
彰化縣溪州鄉第2選舉區,115/09/01,劉禮財,無,
彰化縣溪州鄉第1選舉區,115/09/01,黃藍田,無,
彰化縣溪州鄉第3選舉區,115/09/04,鄭任凱,無,
彰化縣溪州鄉第4選舉區,115/09/02,蔡華南,無,
彰化縣溪州鄉第2選舉區,115/09/02,劉燈旺,無,
彰化縣溪州鄉第1選舉區,115/09/01,吳鏡楨,無,
彰化縣溪州鄉第3選舉區,115/09/04,𡍼明琴,無,
彰化縣溪州鄉第4選舉區,115/09/02,鐘振維,無,
彰化縣溪州鄉第1選舉區,115/09/02,鄭進議,無,
彰化縣溪州鄉第3選舉區,115/09/04,廖文雄,無,
彰化縣溪州鄉第1選舉區,115/09/02,詹進順,無,
彰化縣溪州鄉第3選舉區,115/09/04,莊正雄,無,
彰化縣溪州鄉第1選舉區,115/09/03,林素杏,無,
彰化縣溪州鄉第1選舉區,115/09/04,郭婉雯,無,
南投縣南投市第1選舉區,115/08/31,吳煌濱,無,
南投縣南投市第1選舉區,115/09/02,洪世耀,中國國民黨,
南投縣南投市第1選舉區,115/09/02,曾億弘,民主進步黨,
南投縣南投市第1選舉區,115/09/02,張惠卿,中國國民黨,
南投縣南投市第1選舉區,115/09/03,林依虹,無,
南投縣南投市第2選舉區,115/09/02,許清德,中國國民黨,
南投縣南投市第2選舉區,115/09/02,廖學輝,無,
南投縣南投市第2選舉區,115/09/02,廖學銳,無,
南投縣南投市第2選舉區,115/09/02,陳蓉仙,無,
南投縣南投市第2選舉區,115/09/02,簡嘉信,無,
南投縣南投市第2選舉區,115/09/02,林威崴,無,
南投縣南投市第2選舉區,115/09/03,張秦瑞,中國國民黨,
南投縣南投市第2選舉區,115/09/03,江秀春,中國國民黨,
南投縣南投市第2選舉區,115/09/03,王明洲,無,
南投縣南投市第3選舉區,115/08/31,沈啓修,民主進步黨,
南投縣南投市第3選舉區,115/09/02,王勝華,中國國民黨,
南投縣南投市第3選舉區,115/09/02,張雅琪,無,
南投縣南投市第3選舉區,115/09/02,沈俊偉,無,
南投縣南投市第3選舉區,115/09/02,石杏國,無,
南投縣南投市第3選舉區,115/09/02,魏仕凱,無,
南投縣南投市第3選舉區,115/09/03,莊美霞,無,
南投縣南投市第3選舉區,115/09/03,楊錦榮,無,
南投縣南投市第3選舉區,115/09/03,莊子鑑,無,
南投縣南投市第3選舉區,115/09/03,謝譯霆,無,
南投縣南投市第4選舉區,115/09/03,許惠菁,無,
南投縣埔里鎮第1選舉區,115/08/31,洪惠梅,無,
南投縣埔里鎮第1選舉區,115/09/02,曾鈴錫,無,
南投縣埔里鎮第1選舉區,115/09/02,潘萬福,中國國民黨,
南投縣埔里鎮第1選舉區,115/09/02,廖永文,無,
南投縣埔里鎮第1選舉區,115/09/04,吳勝輝,無,
南投縣埔里鎮第1選舉區,115/09/04,林雅棋,無,
南投縣埔里鎮第1選舉區,115/09/04,胡翠萍,無,
南投縣埔里鎮第2選舉區,115/08/31,陳建文,民主進步黨,
南投縣埔里鎮第2選舉區,115/08/31,黃敏聰,無,
南投縣埔里鎮第2選舉區,115/09/01,陳怡潔,無,
南投縣埔里鎮第2選舉區,115/09/02,林惠雯,無,
南投縣埔里鎮第2選舉區,115/09/02,王奕翔,勞動黨,
南投縣埔里鎮第2選舉區,115/09/03,吳淇淞,無,
南投縣埔里鎮第2選舉區,115/09/03,郭子茜,無,
南投縣埔里鎮第3選舉區,115/08/31,彭志成,無,
南投縣埔里鎮第3選舉區,115/08/31,李春生,無,
南投縣埔里鎮第3選舉區,115/09/02,曾秀月,無,
南投縣埔里鎮第4選舉區,115/08/31,詹文平,民主進步黨,
南投縣埔里鎮第4選舉區,115/09/01,蔡文仲,無,
南投縣埔里鎮第4選舉區,115/09/01,羅惠美,無,
南投縣埔里鎮第4選舉區,115/09/03,林釧儀,無,
南投縣草屯鎮第1選舉區,115/09/02,陳秀玲,民主進步黨,
南投縣草屯鎮第1選舉區,115/09/02,李鎗富,無,
南投縣草屯鎮第1選舉區,115/09/02,陳文忠,無,
南投縣草屯鎮第1選舉區,115/09/02,林永安,無,
南投縣草屯鎮第1選舉區,115/09/03,陳晴美,無,
南投縣草屯鎮第1選舉區,115/09/03,王逸帆,無,
南投縣草屯鎮第2選舉區,115/08/31,簡木通,民主進步黨,
南投縣草屯鎮第2選舉區,115/08/31,林金潭,無,
南投縣草屯鎮第2選舉區,115/08/31,簡益裕,民主進步黨,
南投縣草屯鎮第2選舉區,115/09/02,沈玉貞,中國國民黨,
南投縣草屯鎮第2選舉區,115/09/02,陳依綺,無,
南投縣草屯鎮第2選舉區,115/09/03,白庭瑞,中國國民黨,
南投縣草屯鎮第2選舉區,115/09/04,簡錫彬,無,
南投縣草屯鎮第3選舉區,115/08/31,許素巡,無,
南投縣草屯鎮第3選舉區,115/09/01,洪家盛,民主進步黨,
南投縣草屯鎮第3選舉區,115/09/01,李文吉,無,
南投縣草屯鎮第3選舉區,115/09/02,洪詠財,無,
南投縣草屯鎮第3選舉區,115/09/02,洪慶春,無,
南投縣草屯鎮第3選舉區,115/09/03,楊宜璇,無,
南投縣草屯鎮第3選舉區,115/09/03,洪登宜,無,
南投縣草屯鎮第4選舉區,115/08/31,楊育誠,民主進步黨,
南投縣草屯鎮第4選舉區,115/09/02,施麗桂,無,
南投縣草屯鎮第4選舉區,115/09/02,洪浚驊,無,
南投縣草屯鎮第4選舉區,115/09/03,簡裴瑜,無,
南投縣草屯鎮第4選舉區,115/09/03,莊清南,中國國民黨,
南投縣草屯鎮第4選舉區,115/09/04,李昭泓,無,
南投縣竹山鎮第1選舉區,115/08/31,陳心慧,無,
南投縣竹山鎮第1選舉區,115/08/31,張秋淋,無,
南投縣竹山鎮第1選舉區,115/08/31,曾國印,無,
南投縣竹山鎮第1選舉區,115/08/31,林芳德,無,
南投縣竹山鎮第1選舉區,115/09/02,陳春旭,無,
南投縣竹山鎮第1選舉區,115/09/02,楊美紅,無,
南投縣竹山鎮第1選舉區,115/09/02,林鴻祺,無,
南投縣竹山鎮第1選舉區,115/09/02,張志銘,無,
南投縣竹山鎮第1選舉區,115/09/02,范育勝,無,
南投縣竹山鎮第1選舉區,115/09/02,陳金龍,中國國民黨,
南投縣竹山鎮第1選舉區,115/09/02,洪明汝,無,
南投縣竹山鎮第1選舉區,115/09/02,林敬桐,民主進步黨,
南投縣竹山鎮第1選舉區,115/09/03,張周裕,無,
南投縣竹山鎮第1選舉區,115/09/03,莊士德,無,
南投縣竹山鎮第2選舉區,115/09/02,張彩珠,無,
南投縣竹山鎮第2選舉區,115/09/02,賴信宇,民主進步黨,
南投縣竹山鎮第2選舉區,115/09/02,林惠蘭,無,
南投縣竹山鎮第2選舉區,115/09/03,黃仁明,無,
南投縣竹山鎮第2選舉區,115/09/03,張全湧,無,
南投縣竹山鎮第2選舉區,115/09/04,黃彥凱,中國國民黨,
南投縣竹山鎮第3選舉區,115/08/31,林偉嘉,無,
南投縣竹山鎮第3選舉區,115/09/02,蔡孟峰,無,
南投縣竹山鎮第3選舉區,115/09/03,李威築,無,
南投縣竹山鎮第3選舉區,115/09/03,翁昭通,無,
南投縣集集鎮第1選舉區,115/09/01,陳雅雯,無,
南投縣集集鎮第1選舉區,115/09/02,陳南榕,無,
南投縣集集鎮第1選舉區,115/09/02,張文德,無,
南投縣集集鎮第1選舉區,115/09/03,吳榮志,無,
南投縣集集鎮第1選舉區,115/09/03,陳志強,無,
南投縣集集鎮第2選舉區,115/09/02,簡鈴惠,無,
南投縣集集鎮第2選舉區,115/09/02,吳惠風,無,
南投縣集集鎮第2選舉區,115/09/03,鄧碧惠,無,
南投縣集集鎮第3選舉區,115/09/02,陳榮森,無,
南投縣集集鎮第3選舉區,115/09/04,吳旻珮,無,
南投縣集集鎮第3選舉區,115/09/04,林妍淨,無,
南投縣集集鎮第4選舉區,115/09/02,林國元,無,
南投縣集集鎮第4選舉區,115/09/02,陳泳旭,無,
南投縣集集鎮第4選舉區,115/09/02,陳嬉旻,無,
南投縣集集鎮第4選舉區,115/09/03,朱嘉興,無,
南投縣集集鎮第4選舉區,115/09/03,陳俋齊,無,
南投縣集集鎮第4選舉區,115/09/04,陳玉花,無,
南投縣名間鄉第1選舉區,115/08/31,吳政緯,無,
南投縣名間鄉第1選舉區,115/09/01,謝嘉銘,無,
南投縣名間鄉第1選舉區,115/09/01,陳宏明,無,
南投縣名間鄉第1選舉區,115/09/02,陳益震,無,
南投縣名間鄉第1選舉區,115/09/02,吳金樹,無,
南投縣名間鄉第1選舉區,115/09/02,陳萬紅,無,
南投縣名間鄉第1選舉區,115/09/02,謝旻芝,無,
南投縣名間鄉第1選舉區,115/09/03,陳秀梅,民主進步黨,
南投縣名間鄉第2選舉區,115/08/31,葛典育,無,
南投縣名間鄉第2選舉區,115/09/02,蔡瑞家,無,
南投縣名間鄉第2選舉區,115/09/02,陳宜寧,無,
南投縣名間鄉第3選舉區,115/09/02,陳廣政,無,
南投縣名間鄉第3選舉區,115/09/02,余蕎安,無,
南投縣名間鄉第4選舉區,115/08/31,陳良偉,無,
南投縣名間鄉第4選舉區,115/08/31,,無,
南投縣名間鄉第4選舉區,115/09/02,謝智堯,無,
南投縣鹿谷鄉第1選舉區,115/09/02,許瓊月,無,
南投縣鹿谷鄉第1選舉區,115/09/02,蘇炳南,無,
南投縣鹿谷鄉第1選舉區,115/09/02,劉加祺,無,
南投縣鹿谷鄉第1選舉區,115/09/02,黃彩霞,無,
南投縣鹿谷鄉第1選舉區,115/09/02,吳雅媚,無,
南投縣鹿谷鄉第1選舉區,115/09/02,康峻瑜,無,
南投縣鹿谷鄉第1選舉區,115/09/02,蔡翠容,無,
南投縣鹿谷鄉第1選舉區,115/09/02,陳仁坤,無,
南投縣鹿谷鄉第1選舉區,115/09/03,謝秉諺,中國國民黨,
南投縣鹿谷鄉第2選舉區,115/09/02,柯彩玲,無,
南投縣鹿谷鄉第2選舉區,115/09/02,張晏齊,無,
南投縣鹿谷鄉第2選舉區,115/09/02,賴宗南,無,
南投縣鹿谷鄉第2選舉區,115/09/02,蘇聰明,無,
南投縣鹿谷鄉第2選舉區,115/09/03,王明傑,無,
南投縣鹿谷鄉第3選舉區,115/08/31,林江鴻,無,
南投縣鹿谷鄉第3選舉區,115/09/02,陳君宜,無,
南投縣鹿谷鄉第3選舉區,115/09/02,林錡享,無,
南投縣中寮鄉第1選舉區,115/08/31,廖彩秀,無,
南投縣中寮鄉第1選舉區,115/09/01,陳美娟,無,
南投縣中寮鄉第1選舉區,115/09/02,邱寶林,無,
南投縣中寮鄉第1選舉區,115/09/02,蔡昭智,無,
南投縣中寮鄉第1選舉區,115/09/02,鄭茂祥,無,
南投縣中寮鄉第1選舉區,115/09/02,吳佩慈,無,
南投縣中寮鄉第1選舉區,115/09/03,張俊隆,無,
南投縣中寮鄉第2選舉區,115/09/02,汪經偉,無,
南投縣中寮鄉第2選舉區,115/09/02,游如村,無,
南投縣中寮鄉第2選舉區,115/09/02,張疋,無,
南投縣中寮鄉第2選舉區,115/09/02,田孟富,無,
南投縣中寮鄉第2選舉區,115/09/02,魏秀桃,無,
南投縣中寮鄉第2選舉區,115/09/03,陳科材,無,
南投縣中寮鄉第2選舉區,115/09/03,莊豫晴,無,
南投縣中寮鄉第3選舉區,115/09/01,卓金棟,無,
南投縣中寮鄉第3選舉區,115/09/02,詹三宜,無,
南投縣中寮鄉第4選舉區,115/09/02,邱錦賢,無,
南投縣中寮鄉第4選舉區,115/09/02,謝炫樵,無,
南投縣中寮鄉第4選舉區,115/09/03,賴燕雪,無,
南投縣魚池鄉第1選舉區,115/08/31,陳慶煌,無,
南投縣魚池鄉第1選舉區,115/09/01,巫嘉智,中國國民黨,
南投縣魚池鄉第1選舉區,115/09/02,劉勝隆,無,
南投縣魚池鄉第1選舉區,115/09/02,許慶華,無,
南投縣魚池鄉第1選舉區,115/09/02,劉家妤,中國國民黨,
南投縣魚池鄉第1選舉區,115/09/03,賴艷蓁,無,
南投縣魚池鄉第1選舉區,115/09/04,林玉祥,無,
南投縣魚池鄉第2選舉區,115/09/02,黃文雄,中國國民黨,
南投縣魚池鄉第2選舉區,115/09/02,梁政裕,無,
南投縣魚池鄉第2選舉區,115/09/03,黃志卿,無,
南投縣魚池鄉第3選舉區,115/09/01,陳奎合,中國國民黨,
南投縣魚池鄉第3選舉區,115/09/02,丹林志成,無,
南投縣魚池鄉第3選舉區,115/09/02,劉嘉屯,無,
南投縣魚池鄉第3選舉區,115/09/03,莊淑貞,無,
南投縣魚池鄉第3選舉區,115/09/04,謝淵程,無,
南投縣國姓鄉第1選舉區,115/09/02,曾明雪,無,
南投縣國姓鄉第1選舉區,115/09/02,彭百慶,無,
南投縣國姓鄉第1選舉區,115/09/04,陳春綢,無,
南投縣國姓鄉第2選舉區,115/09/02,謝進春,無,
南投縣國姓鄉第2選舉區,115/09/02,徐錦基,無,
南投縣國姓鄉第2選舉區,115/09/02,林桂鈴,無,
南投縣國姓鄉第2選舉區,115/09/03,陳星全,無,
南投縣國姓鄉第2選舉區,115/09/03,邱秋榮,無,
南投縣國姓鄉第3選舉區,115/08/31,江耀宗,無,
南投縣國姓鄉第3選舉區,115/09/02,賴權藝,無,
南投縣國姓鄉第3選舉區,115/09/03,黃湘睿,中國國民黨,
南投縣國姓鄉第4選舉區,115/08/31,許原豪,無,
南投縣國姓鄉第4選舉區,115/09/03,謝佛青,無,
南投縣國姓鄉第4選舉區,115/09/03,林雲生,無,
南投縣國姓鄉第4選舉區,115/09/03,林東漢,無,
南投縣水里鄉第1選舉區,115/09/02,潘麗菊,中國國民黨,
南投縣水里鄉第1選舉區,115/09/02,王乃正,無,
南投縣水里鄉第1選舉區,115/09/02,謝文博,無,
南投縣水里鄉第1選舉區,115/09/03,林昆平,無,
南投縣水里鄉第1選舉區,115/09/04,洪宜芬,無,
南投縣水里鄉第2選舉區,115/08/31,蔡添福,無,
南投縣水里鄉第2選舉區,115/08/31,莊素玉,無,
南投縣水里鄉第2選舉區,115/09/03,湯鳳娥,無,
南投縣水里鄉第2選舉區,115/09/03,陳世明,無,
南投縣水里鄉第2選舉區,115/09/04,林良政,無,
南投縣水里鄉第2選舉區,115/09/04,湯美蘭,無,
南投縣水里鄉第3選舉區,115/08/31,劉俊生,無,
南投縣水里鄉第4選舉區,115/09/02,許錫明,無,
南投縣水里鄉第4選舉區,115/09/04,陳明卿,無,
南投縣信義鄉第1選舉區,115/08/31,辜麗華,中國國民黨,
南投縣信義鄉第1選舉區,115/08/31,全志明,無,
南投縣信義鄉第1選舉區,115/09/02,林麗英,無,
南投縣信義鄉第1選舉區,115/09/02,彭俊偉,無,
南投縣信義鄉第1選舉區,115/09/02,伍正發,中國國民黨,
南投縣信義鄉第1選舉區,115/09/03,陳永忠,無,
南投縣信義鄉第1選舉區,115/09/04,張涵清,無,
南投縣信義鄉第2選舉區,115/08/31,伍福明,無,
南投縣信義鄉第2選舉區,115/09/01,伊斯巴拉淦‧吾瑪斯 Is Pala Kan‧Umas,無,
南投縣信義鄉第2選舉區,115/09/01,司文欽,無,
南投縣信義鄉第2選舉區,115/09/02,吳世民,無,
南投縣信義鄉第2選舉區,115/09/03,史忠義,無,
南投縣信義鄉第3選舉區,115/09/02,黃禎修,無,
南投縣信義鄉第3選舉區,115/09/02,謝在坤,無,
南投縣信義鄉第3選舉區,115/09/03,王思渝,無,
南投縣信義鄉第3選舉區,115/09/04,史亞山,無,
南投縣信義鄉第4選舉區,115/09/01,李明郎,無,
南投縣信義鄉第4選舉區,115/09/01,金財富 Laung‧ Nangavulan,無,
南投縣信義鄉第4選舉區,115/09/03,谷明耀,無,
南投縣信義鄉第4選舉區,115/09/03,松東隆,中國國民黨,
南投縣信義鄉第4選舉區,115/09/03,松永盛,無,
南投縣仁愛鄉第1選舉區,115/09/01,許世爵,無,
南投縣仁愛鄉第1選舉區,115/09/02,蕭傳吉,中國國民黨,
南投縣仁愛鄉第1選舉區,115/09/02,林秋菊,中國國民黨,
南投縣仁愛鄉第1選舉區,115/09/02,蔡恩蜜,中國國民黨,
南投縣仁愛鄉第1選舉區,115/09/03,紀俊傑,無,
南投縣仁愛鄉第2選舉區,115/09/01,林玉森,中國國民黨,
南投縣仁愛鄉第2選舉區,115/09/01,施宜宏,中國國民黨,
南投縣仁愛鄉第2選舉區,115/09/02,廖家宏,中國國民黨,
南投縣仁愛鄉第2選舉區,115/09/02,白明勝,中國國民黨,
南投縣仁愛鄉第2選舉區,115/09/02,潘美燕,無,
南投縣仁愛鄉第2選舉區,115/09/03,袁名雄,中國國民黨,
南投縣仁愛鄉第2選舉區,115/09/03,陳秝秀,中國國民黨,
南投縣仁愛鄉第3選舉區,115/08/31,高誌杰,中國國民黨,
南投縣仁愛鄉第3選舉區,115/08/31,葉阿良,中國國民黨,
南投縣仁愛鄉第3選舉區,115/08/31,林紹強,無,
南投縣仁愛鄉第3選舉區,115/09/01,石金水,中國國民黨,
南投縣仁愛鄉第3選舉區,115/09/01,洪文全,中國國民黨,
南投縣仁愛鄉第3選舉區,115/09/02,潘筱玉,中國國民黨,
南投縣仁愛鄉第4選舉區,115/09/01,梁文峯,中國國民黨,
南投縣仁愛鄉第4選舉區,115/09/01,謝秉和,中國國民黨,
南投縣仁愛鄉第4選舉區,115/09/02,鄭志誠,中國國民黨,
雲林縣斗六市第1選舉區,115/08/31,陳嘉君,中國國民黨,
雲林縣斗六市第1選舉區,115/09/01,蔡孟岳,無,
雲林縣斗六市第1選舉區,115/09/02,林政憲,民主進步黨,
雲林縣斗六市第1選舉區,115/09/02,曾敬晃,中國國民黨,
雲林縣斗六市第1選舉區,115/09/02,𡍼麗玉,無,
雲林縣斗六市第1選舉區,115/09/02,張嘉麟,無,
雲林縣斗六市第1選舉區,115/09/04,范植增,中國國民黨,
雲林縣斗六市第1選舉區,115/09/04,劉宗穎,民主進步黨,
雲林縣斗六市第2選舉區,115/08/31,石豐瑋,中國國民黨,
雲林縣斗六市第2選舉區,115/08/31,顏碧祺,民主進步黨,
雲林縣斗六市第2選舉區,115/09/01,張希哲,無,
雲林縣斗六市第2選舉區,115/09/02,吳素連,民主進步黨,
雲林縣斗六市第2選舉區,115/09/02,薛永清,無,
雲林縣斗六市第2選舉區,115/09/03,林益豪,中國國民黨,
雲林縣斗六市第2選舉區,115/09/03,黃素梅,無,
雲林縣斗六市第2選舉區,115/09/03,沈珍治,中國國民黨,
雲林縣斗六市第2選舉區,115/09/04,林俊清,無,
雲林縣斗六市第2選舉區,115/09/04,曾千芬,無,
雲林縣斗六市第2選舉區,115/09/04,吳俊德,無,
雲林縣斗六市第3選舉區,115/09/01,許燕玲,無,
雲林縣斗六市第3選舉區,115/09/02,胡克勤,中國國民黨,
雲林縣斗六市第3選舉區,115/09/02,蕭丞博,無,
雲林縣斗六市第3選舉區,115/09/02,章至豪,民主進步黨,
雲林縣斗六市第3選舉區,115/09/02,陳品宏,無,
雲林縣斗六市第3選舉區,115/09/03,張語芳,中國國民黨,
雲林縣斗六市第3選舉區,115/09/03,蔣月娥,無,
雲林縣斗六市第4選舉區,115/08/31,張朝斌,無,
雲林縣斗六市第4選舉區,115/08/31,楊志忠,無,
雲林縣斗六市第4選舉區,115/09/03,李美瑤,中國國民黨,
雲林縣斗六市第4選舉區,115/09/04,張宏銘,民主進步黨,
雲林縣斗六市第4選舉區,115/09/04,曾鴻家,無,
雲林縣斗南鎮第1選舉區,115/09/01,林均翰,無,
雲林縣斗南鎮第1選舉區,115/09/02,張再固,無,
雲林縣斗南鎮第1選舉區,115/09/02,林兆騰,民主進步黨,
雲林縣斗南鎮第1選舉區,115/09/03,許良富,無,
雲林縣斗南鎮第1選舉區,115/09/04,周妙玲,無,
雲林縣斗南鎮第2選舉區,115/08/31,薛維甲,無,
雲林縣斗南鎮第2選舉區,115/09/01,黃藏諒,無,
雲林縣斗南鎮第2選舉區,115/09/04,黃淑娟,無,
雲林縣斗南鎮第3選舉區,115/08/31,陳靜娟,無,
雲林縣斗南鎮第3選舉區,115/09/01,簡國龍,無,
雲林縣斗南鎮第3選舉區,115/09/02,陳大華,無,
雲林縣斗南鎮第3選舉區,115/09/02,邱振傭,無,
雲林縣斗南鎮第3選舉區,115/09/02,蔡正松,民主進步黨,
雲林縣斗南鎮第3選舉區,115/09/04,曾江泉,無,
雲林縣斗南鎮第4選舉區,115/09/03,謝岱芳,無,
雲林縣斗南鎮第4選舉區,115/09/04,沈爲祺,無,
雲林縣斗南鎮第4選舉區,115/09/04,黃基深,無,
雲林縣斗南鎮第4選舉區,115/09/04,張淑媛,無,
雲林縣虎尾鎮第1選舉區,115/08/31,李素娥,民主進步黨,
雲林縣虎尾鎮第1選舉區,115/08/31,侯宗佑,無,
雲林縣虎尾鎮第1選舉區,115/09/01,戴雅婷,無,
雲林縣虎尾鎮第1選舉區,115/09/02,黃貴香,中國國民黨,
雲林縣虎尾鎮第1選舉區,115/09/02,王淑卿,無,
雲林縣虎尾鎮第1選舉區,115/09/02,陳獻堂,民主進步黨,
雲林縣虎尾鎮第1選舉區,115/09/02,陳佑一,無,
雲林縣虎尾鎮第1選舉區,115/09/03,丁鈺峮,無,
雲林縣虎尾鎮第1選舉區,115/09/03,林建宏,無,
雲林縣虎尾鎮第1選舉區,115/09/03,林建華,民主進步黨,
雲林縣虎尾鎮第1選舉區,115/09/03,李政峯,無,
雲林縣虎尾鎮第1選舉區,115/09/04,黃晨魁,無,
雲林縣虎尾鎮第1選舉區,115/09/04,王耀輝,無,
雲林縣虎尾鎮第1選舉區,115/09/04,林明正,無,
雲林縣虎尾鎮第2選舉區,115/08/31,王順興,無,
雲林縣虎尾鎮第2選舉區,115/08/31,陳明聖,無,
雲林縣虎尾鎮第2選舉區,115/09/04,鍾秀雯,無,
雲林縣虎尾鎮第3選舉區,115/08/31,陳慶芳,無,
雲林縣虎尾鎮第3選舉區,115/09/02,周世龍,無,
雲林縣虎尾鎮第3選舉區,115/09/03,林文政,無,
雲林縣虎尾鎮第4選舉區,115/08/31,王秉睿,無,
雲林縣虎尾鎮第4選舉區,115/08/31,林新益,無,
雲林縣虎尾鎮第4選舉區,115/09/02,陳樹泉,無,
雲林縣西螺鎮第1選舉區,115/08/31,李凱信,無,
雲林縣西螺鎮第1選舉區,115/09/02,廖秀娟,無,
雲林縣西螺鎮第1選舉區,115/09/02,廖洺濠,無,
雲林縣西螺鎮第1選舉區,115/09/02,王頤翎,無,
雲林縣西螺鎮第1選舉區,115/09/02,廖本雄,無,
雲林縣西螺鎮第1選舉區,115/09/02,陳乙材,無,
雲林縣西螺鎮第1選舉區,115/09/04,許盈盈,民主進步黨,
雲林縣西螺鎮第1選舉區,115/09/04,胡碩修,無,
雲林縣西螺鎮第2選舉區,115/08/31,黃駿煥,無,
雲林縣西螺鎮第2選舉區,115/09/02,林俊甫,民主進步黨,
雲林縣西螺鎮第2選舉區,115/09/02,莊承強,無,
雲林縣西螺鎮第2選舉區,115/09/02,鄭東岳,無,
雲林縣西螺鎮第3選舉區,115/09/02,廖春重,無,
雲林縣西螺鎮第3選舉區,115/09/02,曾特掌,無,
雲林縣西螺鎮第4選舉區,115/09/02,廖彩樺,無,
雲林縣西螺鎮第4選舉區,115/09/02,吳志明,無,
雲林縣土庫鎮第1選舉區,115/08/31,王錦文,無,
雲林縣土庫鎮第1選舉區,115/09/02,洪小龍,無,
雲林縣土庫鎮第1選舉區,115/09/02,謝夙秋,民主進步黨,
雲林縣土庫鎮第1選舉區,115/09/02,趙美惠,無,
雲林縣土庫鎮第1選舉區,115/09/02,陳虹汝,無,
雲林縣土庫鎮第2選舉區,115/09/01,葉進國,無,
雲林縣土庫鎮第2選舉區,115/09/02,蕭金池,無,
雲林縣土庫鎮第2選舉區,115/09/03,許群英,無,
雲林縣土庫鎮第3選舉區,115/08/31,王詩文,無,
雲林縣土庫鎮第3選舉區,115/08/31,李學傑,民主進步黨,
雲林縣土庫鎮第3選舉區,115/09/04,王聖雄,無,
雲林縣土庫鎮第4選舉區,115/09/01,王志福,民主進步黨,
雲林縣土庫鎮第4選舉區,115/09/02,王西通,無,
雲林縣土庫鎮第4選舉區,115/09/02,王美蘭,無,
雲林縣土庫鎮第4選舉區,115/09/02,黃信章,無,
雲林縣土庫鎮第4選舉區,115/09/02,張文良,無,
雲林縣土庫鎮第4選舉區,115/09/03,黃建欣,無,
雲林縣土庫鎮第4選舉區,115/09/03,張新榮,無,
雲林縣北港鎮第1選舉區,115/08/31,陳卉亞,無,
雲林縣北港鎮第1選舉區,115/08/31,陳介民,無,
雲林縣北港鎮第1選舉區,115/09/02,李冠緯,無,
雲林縣北港鎮第1選舉區,115/09/02,許珍娜,無,
雲林縣北港鎮第1選舉區,115/09/02,蔡咏鍀,無,
雲林縣北港鎮第1選舉區,115/09/03,蔡明君,無,
雲林縣北港鎮第2選舉區,115/08/31,劉玉霞,無,
雲林縣北港鎮第2選舉區,115/08/31,劉學政,無,
雲林縣北港鎮第2選舉區,115/08/31,黃琨廸,無,
雲林縣北港鎮第2選舉區,115/09/02,徐秀梅,民主進步黨,
雲林縣北港鎮第2選舉區,115/09/03,黃美雲,無,
雲林縣北港鎮第2選舉區,115/09/03,蔡易學,無,
雲林縣北港鎮第2選舉區,115/09/04,詹宜錫,無,
雲林縣北港鎮第3選舉區,115/08/31,許玉明,無,
雲林縣北港鎮第3選舉區,115/09/02,蔡雯燕,無,
雲林縣古坑鄉第1選舉區,115/08/31,賴秋俐,無,
雲林縣古坑鄉第1選舉區,115/09/01,高士証,無,
雲林縣古坑鄉第1選舉區,115/09/02,賴嘉濱,無,
雲林縣古坑鄉第1選舉區,115/09/02,張惠萍,無,
雲林縣古坑鄉第1選舉區,115/09/02,王溪松,無,
雲林縣古坑鄉第1選舉區,115/09/03,賴堂元,無,
雲林縣古坑鄉第2選舉區,115/09/02,黃忠興,無,
雲林縣古坑鄉第2選舉區,115/09/02,葉和源,無,
雲林縣古坑鄉第2選舉區,115/09/02,吳威霖,民主進步黨,
雲林縣古坑鄉第2選舉區,115/09/02,鄭育靜,無,
雲林縣古坑鄉第2選舉區,115/09/02,詹佩燁,無,
雲林縣古坑鄉第2選舉區,115/09/04,黃朝裕,無,
雲林縣古坑鄉第3選舉區,115/08/31,鄭和義,無,
雲林縣古坑鄉第3選舉區,115/09/03,葉明桂,無,
雲林縣古坑鄉第4選舉區,115/09/02,簡麗雪,無,
雲林縣大埤鄉第1選舉區,115/08/31,何建宏,無,
雲林縣大埤鄉第1選舉區,115/09/02,陳秋慶,無,
雲林縣大埤鄉第1選舉區,115/09/02,賴寶霞,無,
雲林縣大埤鄉第2選舉區,115/08/31,林碧珍,無,
雲林縣大埤鄉第2選舉區,115/09/02,莊永坤,無,
雲林縣大埤鄉第2選舉區,115/09/02,郭明智,無,
雲林縣大埤鄉第2選舉區,115/09/02,王麗華,無,
雲林縣大埤鄉第2選舉區,115/09/02,吳茂崧,無,
雲林縣大埤鄉第2選舉區,115/09/04,鄧志宏,無,
雲林縣大埤鄉第3選舉區,115/09/01,許基德,無,
雲林縣大埤鄉第3選舉區,115/09/02,黃建銘,無,
雲林縣大埤鄉第3選舉區,115/09/03,謝有惟,無,
雲林縣大埤鄉第3選舉區,115/09/03,陳海山,無,
雲林縣大埤鄉第4選舉區,115/08/31,王萬來,無,
雲林縣大埤鄉第4選舉區,115/09/01,王明輝,無,
雲林縣大埤鄉第4選舉區,115/09/02,王怡婷,無,
雲林縣莿桐鄉第1選舉區,115/08/31,張建凱,無,
雲林縣莿桐鄉第1選舉區,115/08/31,林弼昇,無,
雲林縣莿桐鄉第1選舉區,115/08/31,林味珍,無,
雲林縣莿桐鄉第1選舉區,115/09/02,林祺祐,無,
雲林縣莿桐鄉第1選舉區,115/09/02,賴沂妶,民主進步黨,
雲林縣莿桐鄉第1選舉區,115/09/02,林福地,無,
雲林縣莿桐鄉第1選舉區,115/09/03,林惠珍,無,
雲林縣莿桐鄉第2選舉區,115/08/31,余三池,無,
雲林縣莿桐鄉第2選舉區,115/08/31,洪富惠,民主進步黨,
雲林縣莿桐鄉第2選舉區,115/09/02,林玟廷,無,
雲林縣莿桐鄉第2選舉區,115/09/02,陳榮英,無,
雲林縣莿桐鄉第2選舉區,115/09/02,劉文溪,無,
雲林縣莿桐鄉第2選舉區,115/09/03,李秋水,無,
雲林縣莿桐鄉第3選舉區,115/08/31,張金龍,民主進步黨,
雲林縣莿桐鄉第3選舉區,115/09/02,林廷俊,無,
雲林縣莿桐鄉第3選舉區,115/09/02,鄭長漢,無,
雲林縣莿桐鄉第3選舉區,115/09/04,張慶添,無,
雲林縣莿桐鄉第3選舉區,115/09/04,江再益,無,
雲林縣林內鄉第1選舉區,115/08/31,張宏洲,無,
雲林縣林內鄉第1選舉區,115/09/02,許林玉琴,無,
雲林縣林內鄉第1選舉區,115/09/02,周招煌,無,
雲林縣林內鄉第1選舉區,115/09/02,沈明達,無,
雲林縣林內鄉第1選舉區,115/09/03,李松謄,無,
雲林縣林內鄉第1選舉區,115/09/04,陳楀茜,無,
雲林縣林內鄉第2選舉區,115/09/01,朱宏超,無,
雲林縣林內鄉第2選舉區,115/09/02,楊瑞安,無,
雲林縣林內鄉第2選舉區,115/09/02,莊良興,無,
雲林縣林內鄉第2選舉區,115/09/02,連順祥,無,
雲林縣林內鄉第3選舉區,115/09/02,莊素棉,無,
雲林縣林內鄉第3選舉區,115/09/02,林志憲,無,
雲林縣林內鄉第3選舉區,115/09/02,劉名翔,無,
雲林縣林內鄉第3選舉區,115/09/03,謝玉粉,無,
雲林縣林內鄉第4選舉區,115/08/31,李麗觀,無,
雲林縣林內鄉第4選舉區,115/09/02,張庚林,無,
雲林縣林內鄉第4選舉區,115/09/02,嚴秉鑫,無,
雲林縣林內鄉第4選舉區,115/09/02,曾鈺容,無,
雲林縣林內鄉第4選舉區,115/09/03,陳洲彪,無,
雲林縣二崙鄉第1選舉區,115/08/31,陳政穎,無,
雲林縣二崙鄉第1選舉區,115/09/02,廖學龍,無,
雲林縣二崙鄉第1選舉區,115/09/02,廖清璋,無,
雲林縣二崙鄉第1選舉區,115/09/03,王信傑,無,
雲林縣二崙鄉第2選舉區,115/09/02,廖慶杰,無,
雲林縣二崙鄉第2選舉區,115/09/04,廖偉全,無,
雲林縣二崙鄉第2選舉區,115/09/04,廖文超,無,
雲林縣二崙鄉第3選舉區,115/09/01,鍾瑜娟,無,
雲林縣二崙鄉第3選舉區,115/09/03,楊欣佩,無,
雲林縣二崙鄉第3選舉區,115/09/03,蘇震彥,無,
雲林縣二崙鄉第3選舉區,115/09/03,李日栓,無,
雲林縣二崙鄉第4選舉區,115/08/31,李忻起,無,
雲林縣二崙鄉第4選舉區,115/08/31,廖大方,無,
雲林縣二崙鄉第4選舉區,115/09/02,高志成,無,
雲林縣二崙鄉第5選舉區,115/08/31,洪美雲,無,
雲林縣二崙鄉第5選舉區,115/09/01,鍾春標,無,
雲林縣二崙鄉第5選舉區,115/09/03,鍾應武,無,
雲林縣崙背鄉第1選舉區,115/08/31,李居安,無,
雲林縣崙背鄉第1選舉區,115/09/03,李國平,無,
雲林縣崙背鄉第1選舉區,115/09/03,李明恭,無,
雲林縣崙背鄉第2選舉區,115/08/31,廖高源,無,
雲林縣崙背鄉第2選舉區,115/09/02,李日存,無,
雲林縣崙背鄉第2選舉區,115/09/02,李日有,無,
雲林縣崙背鄉第2選舉區,115/09/02,王信傑,無,
雲林縣崙背鄉第2選舉區,115/09/04,張妍敏,無,
雲林縣崙背鄉第3選舉區,115/09/02,蔡誌山,無,
雲林縣崙背鄉第3選舉區,115/09/02,梁献東,無,
雲林縣崙背鄉第3選舉區,115/09/03,洪瓊枝,無,
雲林縣崙背鄉第3選舉區,115/09/04,戴鵬峻,無,
雲林縣崙背鄉第4選舉區,115/09/01,鍾金字,無,
雲林縣崙背鄉第4選舉區,115/09/02,蔡雅如,無,
雲林縣崙背鄉第4選舉區,115/09/02,林基明,無,
雲林縣崙背鄉第4選舉區,115/09/03,林金玲,無,
雲林縣崙背鄉第4選舉區,115/09/03,林芳億,無,
雲林縣麥寮鄉第1選舉區,115/08/31,蕭仲逸,無,
雲林縣麥寮鄉第1選舉區,115/09/01,許漢慶,無,
雲林縣麥寮鄉第1選舉區,115/09/02,黃琇玲,無,
雲林縣麥寮鄉第1選舉區,115/09/02,吳明宜,無,
雲林縣麥寮鄉第1選舉區,115/09/02,黃炳舜,無,
雲林縣麥寮鄉第1選舉區,115/09/03,許景皓,無,
雲林縣麥寮鄉第1選舉區,115/09/03,陳又麟,無,
雲林縣麥寮鄉第1選舉區,115/09/04,張家鳳,無,
雲林縣麥寮鄉第1選舉區,115/09/04,林逸群,無,
雲林縣麥寮鄉第2選舉區,115/09/02,許高源,無,
雲林縣麥寮鄉第2選舉區,115/09/02,林森敏,無,
雲林縣麥寮鄉第2選舉區,115/09/03,許菁芬,無,
雲林縣麥寮鄉第3選舉區,115/08/31,蔡進寶,無,
雲林縣麥寮鄉第3選舉區,115/09/02,張俊生,無,
雲林縣麥寮鄉第3選舉區,115/09/02,林琴雅,無,
雲林縣麥寮鄉第3選舉區,115/09/03,許智鈞,無,
雲林縣麥寮鄉第3選舉區,115/09/04,范慶田,無,
雲林縣麥寮鄉第4選舉區,115/08/31,林志隆,無,
雲林縣麥寮鄉第4選舉區,115/09/02,雷忠儀,無,
雲林縣麥寮鄉第4選舉區,115/09/04,康正宗,無,
雲林縣東勢鄉第1選舉區,115/08/31,張浚雄,無,
雲林縣東勢鄉第1選舉區,115/09/01,黃文智,無,
雲林縣東勢鄉第1選舉區,115/09/02,蔡萬隆,無,
雲林縣東勢鄉第1選舉區,115/09/04,劉家瑋,無,
雲林縣東勢鄉第2選舉區,115/09/01,丁棟財,無,
雲林縣東勢鄉第2選舉區,115/09/02,林青弘,無,
雲林縣東勢鄉第2選舉區,115/09/02,林珈宏,無,
雲林縣東勢鄉第2選舉區,115/09/02,林怡伶,無,
雲林縣東勢鄉第2選舉區,115/09/04,丁慶錡,無,
雲林縣東勢鄉第3選舉區,115/08/31,周國賢,無,
雲林縣東勢鄉第3選舉區,115/08/31,周嵩展,無,
雲林縣東勢鄉第3選舉區,115/08/31,陳裕元,無,
雲林縣東勢鄉第3選舉區,115/09/01,陳詠霆,無,
雲林縣東勢鄉第3選舉區,115/09/02,陳昭源,無,
雲林縣東勢鄉第4選舉區,115/08/31,黃忠德,無,
雲林縣東勢鄉第4選舉區,115/08/31,許育銘,無,
雲林縣東勢鄉第4選舉區,115/09/02,吳金福,無,
雲林縣褒忠鄉第1選舉區,115/08/31,高麗鳳,無,
雲林縣褒忠鄉第1選舉區,115/09/02,許珮泠,無,
雲林縣褒忠鄉第1選舉區,115/09/02,許銘陞,無,
雲林縣褒忠鄉第1選舉區,115/09/02,康家祥,無,
雲林縣褒忠鄉第1選舉區,115/09/02,陳永枳,無,
雲林縣褒忠鄉第1選舉區,115/09/02,曾朝和,無,
雲林縣褒忠鄉第1選舉區,115/09/03,張淑女,無,
雲林縣褒忠鄉第1選舉區,115/09/04,陳釧田,無,
雲林縣褒忠鄉第2選舉區,115/08/31,鄒禮鴻,無,
雲林縣褒忠鄉第2選舉區,115/09/02,陳孟賢,無,
雲林縣褒忠鄉第2選舉區,115/09/02,劉家誠,無,
雲林縣褒忠鄉第2選舉區,115/09/02,林月女,無,
雲林縣褒忠鄉第2選舉區,115/09/03,張永鎮,無,
雲林縣褒忠鄉第2選舉區,115/09/04,黃淑琴,無,
雲林縣褒忠鄉第2選舉區,115/09/04,張嘉容,無,
雲林縣褒忠鄉第3選舉區,115/08/31,蔡文發,無,
雲林縣褒忠鄉第3選舉區,115/09/01,章家銘,無,
雲林縣褒忠鄉第4選舉區,115/08/31,陳仲華,無,
雲林縣褒忠鄉第4選舉區,115/09/02,陳永裕,無,
雲林縣褒忠鄉第4選舉區,115/09/02,陳良俊,無,
雲林縣褒忠鄉第4選舉區,115/09/03,張森棋,無,
雲林縣褒忠鄉第4選舉區,115/09/03,李明珠,無,
雲林縣褒忠鄉第4選舉區,115/09/03,朱育儀,無,
雲林縣褒忠鄉第4選舉區,115/09/03,丁秋芳,無,
雲林縣褒忠鄉第4選舉區,115/09/04,傅美雪,無,
雲林縣褒忠鄉第4選舉區,115/09/04,陳棟樑,無,
雲林縣臺西鄉第1選舉區,115/08/31,林清鋒,無,
雲林縣臺西鄉第1選舉區,115/09/02,姚旭書,無,
雲林縣臺西鄉第1選舉區,115/09/02,丁子良,無,
雲林縣臺西鄉第1選舉區,115/09/02,戴勇男,無,
雲林縣臺西鄉第1選舉區,115/09/02,丁相堯,無,
雲林縣臺西鄉第2選舉區,115/08/31,林敵虎,無,
雲林縣臺西鄉第2選舉區,115/09/01,吳花環,無,
雲林縣臺西鄉第2選舉區,115/09/01,吳一平,無,
雲林縣臺西鄉第2選舉區,115/09/02,顏嘉葦,無,
雲林縣臺西鄉第3選舉區,115/08/31,林天祥,無,
雲林縣臺西鄉第3選舉區,115/08/31,林漢默,無,
雲林縣臺西鄉第3選舉區,115/09/02,吳俊德,無,
雲林縣臺西鄉第4選舉區,115/08/31,丁秋𡍼,無,
雲林縣臺西鄉第4選舉區,115/09/01,林勝山,無,
雲林縣臺西鄉第4選舉區,115/09/01,方麒豪,無,
雲林縣臺西鄉第4選舉區,115/09/02,許裕萍,無,
雲林縣臺西鄉第4選舉區,115/09/03,許家滉,無,
雲林縣臺西鄉第4選舉區,115/09/03,林民雄,無,
雲林縣臺西鄉第4選舉區,115/09/03,陳文求,無,
雲林縣元長鄉第1選舉區,115/08/31,李咱,無,
雲林縣元長鄉第1選舉區,115/09/02,李榮三,無,
雲林縣元長鄉第1選舉區,115/09/02,李吉浩,無,
雲林縣元長鄉第1選舉區,115/09/02,李志峯,民主進步黨,
雲林縣元長鄉第1選舉區,115/09/02,陳明振,無,
雲林縣元長鄉第1選舉區,115/09/02,李俊儀,無,
雲林縣元長鄉第1選舉區,115/09/04,李信鴻,無,
雲林縣元長鄉第2選舉區,115/08/31,吳銘儒,無,
雲林縣元長鄉第2選舉區,115/09/02,徐銘欽,無,
雲林縣元長鄉第2選舉區,115/09/02,吳健民,無,
雲林縣元長鄉第2選舉區,115/09/02,吳森榮,民主進步黨,
雲林縣元長鄉第2選舉區,115/09/03,邱專安,無,
雲林縣元長鄉第3選舉區,115/09/01,陳政利,無,
雲林縣元長鄉第3選舉區,115/09/02,鄭其宗,無,
雲林縣元長鄉第3選舉區,115/09/02,陳聖元,無,
雲林縣元長鄉第3選舉區,115/09/03,張萬教,無,
雲林縣元長鄉第3選舉區,115/09/03,劉東芳,民主進步黨,
雲林縣四湖鄉第1選舉區,115/09/02,蔡裕筆,無,
雲林縣四湖鄉第1選舉區,115/09/02,陳明新,無,
雲林縣四湖鄉第1選舉區,115/09/02,賴俊澄,無,
雲林縣四湖鄉第1選舉區,115/09/02,吳介群,無,
雲林縣四湖鄉第1選舉區,115/09/03,蔡淑薇,無,
雲林縣四湖鄉第1選舉區,115/09/04,陳靖雯,無,
雲林縣四湖鄉第2選舉區,115/09/02,黃重盛,無,
雲林縣四湖鄉第2選舉區,115/09/02,吳顯志,無,
雲林縣四湖鄉第2選舉區,115/09/02,陳惠玲,無,
雲林縣四湖鄉第2選舉區,115/09/04,吳姿瑩,無,
雲林縣四湖鄉第3選舉區,115/08/31,吳玉堂,無,
雲林縣四湖鄉第3選舉區,115/08/31,蔡坤育,無,
雲林縣四湖鄉第3選舉區,115/09/02,吳曜宗,無,
雲林縣四湖鄉第3選舉區,115/09/02,吳明信,無,
雲林縣四湖鄉第3選舉區,115/09/02,陳碧玉,無,
雲林縣四湖鄉第4選舉區,115/09/02,林振利,無,
雲林縣口湖鄉第1選舉區,115/08/31,吳螺環,無,
雲林縣口湖鄉第1選舉區,115/09/02,王亮中,無,
雲林縣口湖鄉第1選舉區,115/09/03,呂永添,無,
雲林縣口湖鄉第1選舉區,115/09/04,蘇慶璋,無,
雲林縣口湖鄉第1選舉區,115/09/04,林訓成,無,
雲林縣口湖鄉第2選舉區,115/09/01,王清呈,無,
雲林縣口湖鄉第2選舉區,115/09/02,王溪邊,無,
雲林縣口湖鄉第2選舉區,115/09/02,王碧聰,無,
雲林縣口湖鄉第2選舉區,115/09/02,王紫陽,無,
雲林縣口湖鄉第2選舉區,115/09/04,王博壕,無,
雲林縣口湖鄉第3選舉區,115/08/31,何明楷,無,
雲林縣口湖鄉第3選舉區,115/09/01,林松禾,無,
雲林縣口湖鄉第3選舉區,115/09/02,呂冠緯,無,
雲林縣口湖鄉第3選舉區,115/09/03,紀宗毅,無,
雲林縣口湖鄉第4選舉區,115/08/31,蔡孟泓,無,
雲林縣口湖鄉第4選舉區,115/09/02,李文慶,無,
雲林縣口湖鄉第4選舉區,115/09/02,李晉興,無,
雲林縣口湖鄉第4選舉區,115/09/02,李尚穎,無,
雲林縣口湖鄉第4選舉區,115/09/02,李佳昌,無,
雲林縣口湖鄉第4選舉區,115/09/04,洪建豐,無,
雲林縣水林鄉第1選舉區,115/08/31,余國壬,民主進步黨,
雲林縣水林鄉第1選舉區,115/09/02,吳芙蓉,無,
雲林縣水林鄉第1選舉區,115/09/02,陳思語,無,
雲林縣水林鄉第1選舉區,115/09/02,李素勵,無,
雲林縣水林鄉第1選舉區,115/09/02,陳嘉軒,無,
雲林縣水林鄉第1選舉區,115/09/03,李益昌,無,
雲林縣水林鄉第2選舉區,115/08/31,吳明融,無,
雲林縣水林鄉第2選舉區,115/09/02,吳建融,民主進步黨,
雲林縣水林鄉第2選舉區,115/09/02,陳竹城,無,
雲林縣水林鄉第3選舉區,115/08/31,黃明賢,無,
雲林縣水林鄉第3選舉區,115/09/02,陳盈璇,無,
雲林縣水林鄉第3選舉區,115/09/02,李志雄,無,
雲林縣水林鄉第4選舉區,115/09/02,蔡東富,無,
雲林縣水林鄉第4選舉區,115/09/02,王振合,無,
嘉義縣太保市第1選舉區,115/09/02,蔡聰敏,無,
嘉義縣太保市第1選舉區,115/09/02,吳宏哲,無,
嘉義縣太保市第1選舉區,115/09/02,陳淑紅,中國國民黨,
嘉義縣太保市第1選舉區,115/09/02,龔宗勇,無,
嘉義縣太保市第1選舉區,115/09/02,官汝濃,無,
嘉義縣太保市第1選舉區,115/09/03,林淑勉,中國國民黨,
嘉義縣太保市第2選舉區,115/09/02,葉千田,無,
嘉義縣太保市第2選舉區,115/09/02,蘇逸婷,無,
嘉義縣太保市第3選舉區,115/09/01,吳政憲,無,
嘉義縣太保市第3選舉區,115/09/02,巫清安,無,
嘉義縣太保市第3選舉區,115/09/02,周玉岸,無,
嘉義縣太保市第3選舉區,115/09/02,朱聰麟,無,
嘉義縣太保市第3選舉區,115/09/02,蔡覲聰,無,
嘉義縣太保市第3選舉區,115/09/03,許秀燕,無,
嘉義縣朴子市第1選舉區,115/09/03,邱鉦荃,無,
嘉義縣朴子市第1選舉區,115/09/03,王智賢,中國國民黨,
嘉義縣朴子市第1選舉區,115/08/31,吳宜青,中國國民黨,
嘉義縣朴子市第1選舉區,115/09/01,林明秋,無,
嘉義縣朴子市第1選舉區,115/09/02,黃基全,無,
嘉義縣朴子市第1選舉區,115/09/02,黃小文,無,
嘉義縣朴子市第1選舉區,115/09/02,莊欽能,無,
嘉義縣朴子市第1選舉區,115/09/02,黃陳伯蓮,無,
嘉義縣朴子市第1選舉區,115/09/02,黃智群,無,
嘉義縣朴子市第2選舉區,115/09/04,涂光毅,中國國民黨,
嘉義縣朴子市第2選舉區,115/09/03,王思婷,無,
嘉義縣朴子市第2選舉區,115/09/02,侯清河,無,
嘉義縣朴子市第2選舉區,115/09/02,涂福義,無,
嘉義縣朴子市第2選舉區,115/09/02,陳玉霞,無,
嘉義縣朴子市第2選舉區,115/09/02,侯淵銘,無,
嘉義縣朴子市第3選舉區,115/09/04,葉金明,無,
嘉義縣朴子市第3選舉區,115/09/03,吳宇宏,無,
嘉義縣朴子市第3選舉區,115/09/02,黃河宗,無,
嘉義縣布袋鎮第1選舉區,115/08/31,蔡汾漁,無,
嘉義縣布袋鎮第1選舉區,115/09/01,蔡崇謀,無,
嘉義縣布袋鎮第1選舉區,115/09/02,蔡石鵬,無,
嘉義縣布袋鎮第1選舉區,115/09/02,蕭素蘭,無,
嘉義縣布袋鎮第1選舉區,115/09/02,張佑羽,無,
嘉義縣布袋鎮第1選舉區,115/09/02,王素燕,中國國民黨,
嘉義縣布袋鎮第1選舉區,115/09/03,蕭震穎,無,
嘉義縣布袋鎮第1選舉區,115/09/04,蔡麗娜,無,
嘉義縣布袋鎮第2選舉區,115/08/31,陳朝尉,無,
嘉義縣布袋鎮第2選舉區,115/09/02,李佳芳,無,
嘉義縣布袋鎮第2選舉區,115/09/02,李和芳,無,
嘉義縣布袋鎮第3選舉區,115/09/02,郭柏坊,無,
嘉義縣布袋鎮第3選舉區,115/09/02,邱彬,無,
嘉義縣布袋鎮第3選舉區,115/09/02,蔡崇仕,無,
嘉義縣布袋鎮第3選舉區,115/09/02,邱宏齊,無,
嘉義縣布袋鎮第3選舉區,115/09/02,蘇邱麗月,中國國民黨,
嘉義縣布袋鎮第3選舉區,115/09/02,王佳儀,無,
嘉義縣大林鎮第1選舉區,115/08/31,簡嘉榮,無,
嘉義縣大林鎮第1選舉區,115/08/31,李依翰,無,
嘉義縣大林鎮第1選舉區,115/09/01,王清祥,無,
嘉義縣大林鎮第1選舉區,115/09/02,謝明瑞,無,
嘉義縣大林鎮第1選舉區,115/09/02,邱佐峯,無,
嘉義縣大林鎮第1選舉區,115/09/02,楊大昌,無,
嘉義縣大林鎮第1選舉區,115/09/03,陳佳琳,無,
嘉義縣大林鎮第1選舉區,115/09/03,邱國慶,無,
嘉義縣大林鎮第1選舉區,115/09/03,張伊芊,無,
嘉義縣大林鎮第1選舉區,115/09/03,簡文桓,無,
嘉義縣大林鎮第2選舉區,115/09/02,蘇桂蘭,無,
嘉義縣大林鎮第2選舉區,115/09/02,簡安邦,無,
嘉義縣大林鎮第2選舉區,115/09/02,薛明珍,中國國民黨,
嘉義縣大林鎮第2選舉區,115/09/02,許逸封,無,
嘉義縣大林鎮第2選舉區,115/09/02,陳進祥,無,
嘉義縣大林鎮第2選舉區,115/09/03,朱珈賢,無,
嘉義縣大林鎮第2選舉區,115/09/04,陳慧琴,無,
嘉義縣大林鎮第2選舉區,115/09/04,劉素蝦,無,
嘉義縣民雄鄉第1選舉區,115/08/31,涂文生,無,
嘉義縣民雄鄉第1選舉區,115/08/31,楊秀密,無,
嘉義縣民雄鄉第1選舉區,115/09/02,黃國雅,無,
嘉義縣民雄鄉第1選舉區,115/09/02,劉光榮,無,
嘉義縣民雄鄉第1選舉區,115/09/02,蔡榮錦,無,
嘉義縣民雄鄉第2選舉區,115/08/31,謝秋香,無,
嘉義縣民雄鄉第2選舉區,115/09/02,游邱月勤,中國國民黨,
嘉義縣民雄鄉第2選舉區,115/09/02,許富銘,無,
嘉義縣民雄鄉第2選舉區,115/09/02,江水林,中國國民黨,
嘉義縣民雄鄉第2選舉區,115/09/02,張景皓,無,
嘉義縣民雄鄉第2選舉區,115/09/02,賴憲隆,無,
嘉義縣民雄鄉第2選舉區,115/09/04,何怡諠,無,
嘉義縣民雄鄉第2選舉區,115/09/04,鄭春龍,無,
嘉義縣民雄鄉第2選舉區,115/09/04,林憶玲,無,
嘉義縣民雄鄉第3選舉區,115/08/31,許麗琴,中國國民黨,
嘉義縣民雄鄉第3選舉區,115/08/31,何元儀,無,
嘉義縣民雄鄉第3選舉區,115/08/31,黃元泓,無,
嘉義縣民雄鄉第3選舉區,115/09/02,何俊達,無,
嘉義縣民雄鄉第3選舉區,115/09/03,何炎山,無,
嘉義縣溪口鄉第1選舉區,115/08/31,洪雪玲,無,
嘉義縣溪口鄉第1選舉區,115/09/01,張旭昇,無,
嘉義縣溪口鄉第1選舉區,115/09/02,詹明宗,無,
嘉義縣溪口鄉第1選舉區,115/09/02,邱淑玲,無,
嘉義縣溪口鄉第1選舉區,115/09/02,劉耀淳,無,
嘉義縣溪口鄉第1選舉區,115/09/02,張麗美,無,
嘉義縣溪口鄉第1選舉區,115/09/03,邱偕愷,無,
嘉義縣溪口鄉第2選舉區,115/08/31,邱翠雲,無,
嘉義縣溪口鄉第2選舉區,115/08/31,賴俊吉,無,
嘉義縣溪口鄉第2選舉區,115/08/31,吳世舟,無,
嘉義縣溪口鄉第2選舉區,115/09/02,王明居,無,
嘉義縣溪口鄉第2選舉區,115/09/02,蔡錦雯,無,
嘉義縣溪口鄉第2選舉區,115/09/02,王春森,無,
嘉義縣溪口鄉第2選舉區,115/09/02,陳勝雄,無,
嘉義縣溪口鄉第2選舉區,115/09/04,鐘振升,無,
嘉義縣新港鄉第1選舉區,115/09/02,林永宏,無,
嘉義縣新港鄉第1選舉區,115/09/02,洪聖桐,無,
嘉義縣新港鄉第1選舉區,115/09/02,林居宏,無,
嘉義縣新港鄉第1選舉區,115/09/02,洪鴻然,無,
嘉義縣新港鄉第1選舉區,115/09/02,嚴崴駿,無,
嘉義縣新港鄉第1選舉區,115/09/02,蔡錦屏,無,
嘉義縣新港鄉第1選舉區,115/09/03,林嘉慶,無,
嘉義縣新港鄉第1選舉區,115/09/04,洪秀惠,無,
嘉義縣新港鄉第2選舉區,115/08/31,黃恆智,無,
嘉義縣新港鄉第2選舉區,115/09/02,江筱芃,無,
嘉義縣新港鄉第2選舉區,115/09/02,林宸志,無,
嘉義縣新港鄉第2選舉區,115/09/02,吳石城,無,
嘉義縣新港鄉第2選舉區,115/09/03,林國富,無,
嘉義縣新港鄉第2選舉區,115/09/04,林振成,無,
嘉義縣新港鄉第2選舉區,115/09/04,林佳昇,無,
嘉義縣六腳鄉第1選舉區,115/09/01,黃善,無,
嘉義縣六腳鄉第1選舉區,115/09/02,賴淑眞,無,
嘉義縣六腳鄉第1選舉區,115/09/02,王心俞,無,
嘉義縣六腳鄉第1選舉區,115/09/02,黃頌和,無,
嘉義縣六腳鄉第1選舉區,115/09/02,黃致雄,無,
嘉義縣六腳鄉第1選舉區,115/09/02,王雅玲,無,
嘉義縣六腳鄉第1選舉區,115/09/03,黃英文,無,
嘉義縣六腳鄉第1選舉區,115/09/03,林宗茂,無,
嘉義縣六腳鄉第1選舉區,115/09/04,陳文俊,無,
嘉義縣六腳鄉第2選舉區,115/08/31,黃君財,無,
嘉義縣六腳鄉第2選舉區,115/08/31,蘇彬福,無,
嘉義縣六腳鄉第2選舉區,115/08/31,蔡弘儀,無,
嘉義縣六腳鄉第2選舉區,115/09/01,陳寶賢,無,
嘉義縣六腳鄉第2選舉區,115/09/01,蘇渝庭,無,
嘉義縣六腳鄉第2選舉區,115/09/02,黃忠河,無,
嘉義縣六腳鄉第2選舉區,115/09/03,蘇國華,無,
嘉義縣六腳鄉第2選舉區,115/09/03,角麗卿,無,
嘉義縣六腳鄉第2選舉區,115/09/04,陳誌源,無,
嘉義縣六腳鄉第3選舉區,115/09/02,廖法志,無,
嘉義縣六腳鄉第3選舉區,115/09/02,謝守吉,無,
嘉義縣六腳鄉第3選舉區,115/09/03,周宗吉,無,
嘉義縣東石鄉第1選舉區,115/08/31,黃錫駒,無,
嘉義縣東石鄉第1選舉區,115/09/02,黃秋吉,無,
嘉義縣東石鄉第1選舉區,115/09/03,黃東岳,無,
嘉義縣東石鄉第2選舉區,115/09/02,徐明勲,民主進步黨,
嘉義縣東石鄉第2選舉區,115/09/02,黃碧瑜,無,
嘉義縣東石鄉第2選舉區,115/09/04,蔡淑惠,無,
嘉義縣東石鄉第2選舉區,115/09/04,陳振峰,中國國民黨,
嘉義縣東石鄉第3選舉區,115/08/31,李佳麟,無,
嘉義縣東石鄉第3選舉區,115/08/31,鄭存佑,無,
嘉義縣東石鄉第3選舉區,115/08/31,蕭世禾,無,
嘉義縣東石鄉第3選舉區,115/09/02,陳建聰,無,
嘉義縣東石鄉第3選舉區,115/09/02,柯淑勤,無,
嘉義縣東石鄉第3選舉區,115/09/03,陳朝順,無,
嘉義縣義竹鄉第1選舉區,115/08/31,翁麗玲,無,
嘉義縣義竹鄉第1選舉區,115/08/31,黃俊銘,無,
嘉義縣義竹鄉第1選舉區,115/09/01,林翁芷圉,無,
嘉義縣義竹鄉第1選舉區,115/09/01,李維傑,無,
嘉義縣義竹鄉第1選舉區,115/09/02,翁明收,無,
嘉義縣義竹鄉第1選舉區,115/09/04,蕭惠薰,中國國民黨,
嘉義縣義竹鄉第1選舉區,115/09/04,顏孝宇,無,
嘉義縣義竹鄉第2選舉區,115/09/01,黃玉慧,無,
嘉義縣義竹鄉第2選舉區,115/09/01,郭崑山,無,
嘉義縣義竹鄉第2選舉區,115/09/02,黃金獅,無,
嘉義縣義竹鄉第2選舉區,115/09/02,顏正惠,無,
嘉義縣義竹鄉第2選舉區,115/09/02,郭高鳴,無,
嘉義縣義竹鄉第2選舉區,115/09/02,丁洧騰,無,
嘉義縣義竹鄉第2選舉區,115/09/02,郭雅玲,無,
嘉義縣義竹鄉第2選舉區,115/09/04,吳素美,中國國民黨,
嘉義縣義竹鄉第2選舉區,115/09/04,蕭加朗,無,
嘉義縣鹿草鄉第1選舉區,115/09/01,劉永得,無,
嘉義縣鹿草鄉第1選舉區,115/09/02,施水亮,無,
嘉義縣鹿草鄉第1選舉區,115/09/02,張意憬,無,
嘉義縣鹿草鄉第1選舉區,115/09/02,李樹明,無,
嘉義縣鹿草鄉第1選舉區,115/09/02,張材富,無,
嘉義縣鹿草鄉第1選舉區,115/09/03,宗僑英,無,
嘉義縣鹿草鄉第2選舉區,115/09/02,陳旭池,無,
嘉義縣鹿草鄉第2選舉區,115/09/02,劉寶玉,無,
嘉義縣鹿草鄉第2選舉區,115/09/02,蔡朝陽,無,
嘉義縣鹿草鄉第2選舉區,115/09/02,洪崇聖,無,
嘉義縣鹿草鄉第2選舉區,115/09/03,黃淑華,無,
嘉義縣鹿草鄉第2選舉區,115/09/04,施坤霖,無,
嘉義縣鹿草鄉第3選舉區,115/09/02,江龍飛,無,
嘉義縣鹿草鄉第3選舉區,115/09/04,黃水來,無,
嘉義縣水上鄉第1選舉區,115/09/01,蔡宗河,無,
嘉義縣水上鄉第1選舉區,115/09/02,劉育嘉,無,
嘉義縣水上鄉第1選舉區,115/09/03,蕭麗卿,無,
嘉義縣水上鄉第1選舉區,115/09/03,吳建霖,無,
嘉義縣水上鄉第1選舉區,115/09/03,賴建平,無,
嘉義縣水上鄉第1選舉區,115/09/03,王笙羽,中國國民黨,
嘉義縣水上鄉第2選舉區,115/09/02,王勇安,無,
嘉義縣水上鄉第2選舉區,115/09/02,林秀瑩,無,
嘉義縣水上鄉第2選舉區,115/09/02,王國智,無,
嘉義縣水上鄉第2選舉區,115/09/02,張當在,無,
嘉義縣水上鄉第2選舉區,115/09/02,黃淑雲,無,
嘉義縣水上鄉第2選舉區,115/09/03,王曙柏,中國國民黨,
嘉義縣水上鄉第3選舉區,115/08/31,陸怡蓁,無,
嘉義縣水上鄉第3選舉區,115/09/02,簡瑞峰,中國國民黨,
嘉義縣水上鄉第3選舉區,115/09/02,林鳴洲,無,
嘉義縣水上鄉第3選舉區,115/09/02,林芳琪,中國國民黨,
嘉義縣水上鄉第3選舉區,115/09/02,葉儷璇,無,
嘉義縣水上鄉第3選舉區,115/09/02,黃詠隆,無,
嘉義縣水上鄉第3選舉區,115/09/03,彭孟僑,無,
嘉義縣中埔鄉第1選舉區,115/08/31,陳志瑝,無,
嘉義縣中埔鄉第1選舉區,115/09/02,羅玉梅,無,
嘉義縣中埔鄉第1選舉區,115/09/02,李昱蓉,無,
嘉義縣中埔鄉第1選舉區,115/09/02,侯來吉,無,
嘉義縣中埔鄉第1選舉區,115/09/03,黃世昌,無,
嘉義縣中埔鄉第1選舉區,115/09/03,謝玉妙,無,
嘉義縣中埔鄉第2選舉區,115/08/31,趙國揚,無,
嘉義縣中埔鄉第2選舉區,115/09/02,龔政忠,無,
嘉義縣中埔鄉第2選舉區,115/09/02,葉芝瑜,無,
嘉義縣中埔鄉第2選舉區,115/09/03,王榞浤,無,
嘉義縣中埔鄉第2選舉區,115/09/04,鄭豐富,無,
嘉義縣中埔鄉第3選舉區,115/09/01,邱銀海,無,
嘉義縣中埔鄉第3選舉區,115/09/02,林捷夷,無,
嘉義縣中埔鄉第3選舉區,115/09/02,陳明哲,無,
嘉義縣中埔鄉第3選舉區,115/09/03,劉月幼,無,
嘉義縣中埔鄉第3選舉區,115/09/04,范仲傑,無,
嘉義縣竹崎鄉第1選舉區,115/09/02,黃瑞堂,無,
嘉義縣竹崎鄉第1選舉區,115/09/02,邱韻潔,無,
嘉義縣竹崎鄉第1選舉區,115/09/02,林佳慧,無,
嘉義縣竹崎鄉第1選舉區,115/09/03,吳明霞,無,
嘉義縣竹崎鄉第1選舉區,115/09/03,黃清標,無,
嘉義縣竹崎鄉第1選舉區,115/09/03,吳金輝,中國國民黨,
嘉義縣竹崎鄉第1選舉區,115/09/03,蔡瀧賢,無,
嘉義縣竹崎鄉第1選舉區,115/09/04,戴嘉宏,無,
嘉義縣竹崎鄉第2選舉區,115/09/02,姚再生,無,
嘉義縣竹崎鄉第2選舉區,115/09/02,鍾佳妘,無,
嘉義縣竹崎鄉第2選舉區,115/09/02,許坤生,無,
嘉義縣竹崎鄉第2選舉區,115/09/03,林進文,無,
嘉義縣竹崎鄉第2選舉區,115/09/03,邱振財,無,
嘉義縣竹崎鄉第2選舉區,115/09/04,蕭舜堅,無,
嘉義縣竹崎鄉第3選舉區,115/09/01,王瑄愉,無,
嘉義縣竹崎鄉第3選舉區,115/09/02,葉育誠,無,
嘉義縣竹崎鄉第3選舉區,115/09/02,王永清,無,
嘉義縣竹崎鄉第3選舉區,115/09/03,翁俊宏,無,
嘉義縣梅山鄉第1選舉區,115/09/01,賴韋伶,無,
嘉義縣梅山鄉第1選舉區,115/09/03,陳啟南,無,
嘉義縣梅山鄉第1選舉區,115/09/03,林明仕,無,
嘉義縣梅山鄉第1選舉區,115/09/03,謝簡秀吉,無,
嘉義縣梅山鄉第1選舉區,115/09/03,陳羿璋,無,
嘉義縣梅山鄉第1選舉區,115/09/03,林振煌,無,
嘉義縣梅山鄉第1選舉區,115/09/03,鍾孟殷,無,
嘉義縣梅山鄉第1選舉區,115/09/03,高義清,無,
嘉義縣梅山鄉第1選舉區,115/09/03,張燕秀,無,
嘉義縣梅山鄉第1選舉區,115/09/04,簡志騰,無,
嘉義縣梅山鄉第2選舉區,115/09/02,王啟銘,無,
嘉義縣梅山鄉第2選舉區,115/09/03,林彥成,無,
嘉義縣梅山鄉第2選舉區,115/09/03,沈盈論,無,
嘉義縣梅山鄉第3選舉區,115/09/02,吳名周,無,
嘉義縣梅山鄉第3選舉區,115/09/03,林俊謀,無,
嘉義縣梅山鄉第3選舉區,115/09/03,蔡坤堂,無,
嘉義縣梅山鄉第3選舉區,115/09/03,陳皇評,無,
嘉義縣梅山鄉第3選舉區,115/09/04,葉韋辰,無,
嘉義縣番路鄉第1選舉區,115/08/31,劉耀隆,無,
嘉義縣番路鄉第1選舉區,115/09/03,游文嘉,無,
嘉義縣番路鄉第1選舉區,115/09/03,游詩嫻,無,
嘉義縣番路鄉第1選舉區,115/09/03,林政輝,無,
嘉義縣番路鄉第1選舉區,115/09/03,周昆輝,無,
嘉義縣番路鄉第1選舉區,115/09/03,蔡宏武,無,
嘉義縣番路鄉第1選舉區,115/09/03,林慧君,無,
嘉義縣番路鄉第1選舉區,115/09/03,羅勝國,無,
嘉義縣番路鄉第2選舉區,115/08/31,林瑞英,無,
嘉義縣番路鄉第2選舉區,115/08/31,陳正昇,無,
嘉義縣番路鄉第2選舉區,115/09/02,丁秀蘭,無,
嘉義縣番路鄉第2選舉區,115/09/03,林宜清,無,
嘉義縣番路鄉第2選舉區,115/09/03,洪研蘋,無,
嘉義縣番路鄉第2選舉區,115/09/03,陳良興,無,
嘉義縣大埔鄉第1選舉區,115/08/31,曾耀輝,無,
嘉義縣大埔鄉第1選舉區,115/08/31,洪平玉,無,
嘉義縣大埔鄉第1選舉區,115/09/03,黃陳彩秀,無,
嘉義縣大埔鄉第1選舉區,115/09/04,簡麗霞,無,
嘉義縣大埔鄉第1選舉區,115/09/04,陳木全,無,
嘉義縣大埔鄉第2選舉區,115/09/01,陳侑崙,無,
嘉義縣大埔鄉第2選舉區,115/09/02,劉建聰,無,
嘉義縣大埔鄉第2選舉區,115/09/02,陳癸全,無,
嘉義縣大埔鄉第2選舉區,115/09/03,楊見義,無,
嘉義縣阿里山鄉第1選舉區,115/08/31,許瑞評,無,
嘉義縣阿里山鄉第1選舉區,115/08/31,徐子豪,無,
嘉義縣阿里山鄉第2選舉區,115/08/31,林清良,無,
嘉義縣阿里山鄉第2選舉區,115/08/31,武建剛,無,
嘉義縣阿里山鄉第2選舉區,115/09/02,汪之龍,無,
嘉義縣阿里山鄉第2選舉區,115/09/04,安克志,無,
嘉義縣阿里山鄉第3選舉區,115/09/01,莊榮貴,無,
嘉義縣阿里山鄉第3選舉區,115/09/03,李錦華,無,
嘉義縣阿里山鄉第3選舉區,115/09/04,安麗花,無,
屏東縣屏東市第1選舉區,115/09/02,倪進文,無,
屏東縣屏東市第1選舉區,115/09/04,温佩芬,無,
屏東縣屏東市第2選舉區,115/09/01,吳漢霖,無,
屏東縣屏東市第2選舉區,115/09/01,李朝智,無,
屏東縣屏東市第2選舉區,115/09/02,王國耀,民主進步黨,
屏東縣屏東市第2選舉區,115/09/02,李玉萍,中國國民黨,
屏東縣屏東市第2選舉區,115/09/02,林凱駖,無,
屏東縣屏東市第2選舉區,115/09/03,邱郁邯,中國國民黨,
屏東縣屏東市第2選舉區,115/09/03,邱榮智,民主進步黨,
屏東縣屏東市第2選舉區,115/09/03,傅建雄,中國國民黨,
屏東縣屏東市第2選舉區,115/09/04,陳建隆,無,
屏東縣屏東市第3選舉區,115/08/31,曾文章,無,
屏東縣屏東市第3選舉區,115/08/31,吳尤敏,無,
屏東縣屏東市第3選舉區,115/09/02,嚴詠馨,中國國民黨,
屏東縣屏東市第3選舉區,115/09/02,邱水吉,無,
屏東縣屏東市第3選舉區,115/09/02,李秀䅿,民主進步黨,
屏東縣屏東市第3選舉區,115/09/02,林淑香,中國國民黨,
屏東縣屏東市第3選舉區,115/09/02,簡美麗,無,
屏東縣屏東市第3選舉區,115/09/02,林順治,無,
屏東縣屏東市第3選舉區,115/09/02,吳連得,中國國民黨,
屏東縣屏東市第3選舉區,115/09/02,林金展,中國國民黨,
屏東縣屏東市第3選舉區,115/09/03,楊東益,中國國民黨,
屏東縣屏東市第3選舉區,115/09/03,林仁傑,民主進步黨,
屏東縣屏東市第3選舉區,115/09/04,李進是,民主進步黨,
屏東縣屏東市第4選舉區,115/08/31,錢權宏,無,
屏東縣屏東市第4選舉區,115/08/31,樊瑞川,中國國民黨,
屏東縣屏東市第4選舉區,115/09/01,林詠智,民主進步黨,
屏東縣屏東市第4選舉區,115/09/01,李燕妮,中國國民黨,
屏東縣屏東市第4選舉區,115/09/02,林韋呈,中國國民黨,
屏東縣屏東市第4選舉區,115/09/02,何來成,中國國民黨,
屏東縣屏東市第4選舉區,115/09/02,李漢鐘,無,
屏東縣屏東市第4選舉區,115/09/02,謝雪鳳,中國國民黨,
屏東縣屏東市第4選舉區,115/09/02,張耀文,民主進步黨,
屏東縣屏東市第4選舉區,115/09/02,蔡孟襦,無,
屏東縣屏東市第4選舉區,115/09/02,葉品澤,中國國民黨,
屏東縣屏東市第4選舉區,115/09/02,古富財,無,
屏東縣屏東市第4選舉區,115/09/02,游子昂,台灣綠黨,
屏東縣屏東市第4選舉區,115/09/03,郭泰安,台灣民眾黨,
屏東縣屏東市第4選舉區,115/09/03,王偉華,中國國民黨,
屏東縣屏東市第4選舉區,115/09/03,江芳裕,中國國民黨,
屏東縣潮州鎮第1選舉區,115/08/31,鍾任勇,無,
屏東縣潮州鎮第1選舉區,115/09/01,謝京翰,無,
屏東縣潮州鎮第1選舉區,115/09/01,倪建興,民主進步黨,
屏東縣潮州鎮第1選舉區,115/09/02,王淑珠,中國國民黨,
屏東縣潮州鎮第1選舉區,115/09/02,管能弘,無,
屏東縣潮州鎮第1選舉區,115/09/02,廖進源,民主進步黨,
屏東縣潮州鎮第1選舉區,115/09/02,葉俊宏,無,
屏東縣潮州鎮第1選舉區,115/09/02,陳孟涵,無,
屏東縣潮州鎮第1選舉區,115/09/02,黃佩茵,無,
屏東縣潮州鎮第1選舉區,115/09/03,陳貴鵬,無,
屏東縣潮州鎮第1選舉區,115/09/03,林耀宗,台灣民眾黨,
屏東縣潮州鎮第2選舉區,115/08/31,李明輝,無,
屏東縣潮州鎮第2選舉區,115/09/01,翁梓豈,無,
屏東縣潮州鎮第2選舉區,115/09/02,王俞森,中國國民黨,
屏東縣潮州鎮第2選舉區,115/09/02,陳素春,民主進步黨,
屏東縣潮州鎮第2選舉區,115/09/02,賴卜瑋,無,
屏東縣潮州鎮第2選舉區,115/09/02,陳裕銘,無,
屏東縣潮州鎮第2選舉區,115/09/02,陳國易,無,
屏東縣潮州鎮第2選舉區,115/09/03,鄭惠瓊,無,
屏東縣潮州鎮第2選舉區,115/09/03,吳承紘,中國國民黨,
屏東縣潮州鎮第2選舉區,115/09/03,賴昱豪,無,
屏東縣潮州鎮第3選舉區,115/09/03,陳貞亮,無,
屏東縣潮州鎮第3選舉區,115/09/04,高瑞坤,無,
屏東縣東港鎮第1選舉區,115/09/02,林立婷,無,
屏東縣東港鎮第1選舉區,115/09/02,洪慶田,民主進步黨,
屏東縣東港鎮第1選舉區,115/09/02,蘇珉賢,中國國民黨,
屏東縣東港鎮第1選舉區,115/09/03,陳梅香,無,
屏東縣東港鎮第1選舉區,115/09/03,王俊文,無,
屏東縣東港鎮第1選舉區,115/09/03,黃俊嵐,民主進步黨,
屏東縣東港鎮第2選舉區,115/09/03,蔡振茂,無,
屏東縣東港鎮第2選舉區,115/09/03,李冠賢,無,
屏東縣東港鎮第3選舉區,115/08/31,蘇水明,無,
屏東縣東港鎮第3選舉區,115/09/01,,無,
屏東縣東港鎮第3選舉區,115/09/02,葉信興,無,
屏東縣東港鎮第3選舉區,115/09/02,謝名覲,無,
屏東縣東港鎮第3選舉區,115/09/03,黃青慧,民主進步黨,
屏東縣東港鎮第4選舉區,115/08/31,吳金福,中國國民黨,
屏東縣東港鎮第4選舉區,115/08/31,蘇順利,無,
屏東縣東港鎮第4選舉區,115/09/01,劉國明,中國國民黨,
屏東縣東港鎮第4選舉區,115/09/01,林清發,民主進步黨,
屏東縣東港鎮第4選舉區,115/09/03,蘇保書,無,
屏東縣東港鎮第4選舉區,115/09/03,王世美,無,
屏東縣恆春鎮第1選舉區,115/09/02,楊志偉,中國國民黨,
屏東縣恆春鎮第1選舉區,115/09/03,陳進忠,無,
屏東縣恆春鎮第1選舉區,115/09/04,周美鳯,無,
屏東縣恆春鎮第1選舉區,115/09/04,游家銘,中國國民黨,
屏東縣恆春鎮第2選舉區,115/09/01,詹秋月,無,
屏東縣恆春鎮第2選舉區,115/09/01,劉洋生,無,
屏東縣恆春鎮第2選舉區,115/09/02,曾乙城,無,
屏東縣恆春鎮第2選舉區,115/09/02,龔定為,中國國民黨,
屏東縣恆春鎮第2選舉區,115/09/02,盧燕豐,無,
屏東縣恆春鎮第2選舉區,115/09/04,龔慶章,無,
屏東縣恆春鎮第2選舉區,115/09/04,陳進興,無,
屏東縣恆春鎮第3選舉區,115/09/01,傅詮祐,無,
屏東縣恆春鎮第3選舉區,115/09/02,陳厚仁,無,
屏東縣恆春鎮第3選舉區,115/09/02,方俊尉,無,
屏東縣恆春鎮第3選舉區,115/09/02,吳啓春,無,
屏東縣恆春鎮第3選舉區,115/09/04,吳益章,無,
屏東縣恆春鎮第3選舉區,115/09/04,許恒榮,無,
屏東縣恆春鎮第4選舉區,115/09/02,陳進義,無,
屏東縣恆春鎮第4選舉區,115/09/03,張盛泉,中國國民黨,
屏東縣恆春鎮第4選舉區,115/09/03,李衍翰,無,
屏東縣恆春鎮第4選舉區,115/09/04,趙記明,無,
屏東縣恆春鎮第4選舉區,115/09/04,潘秀鶯,無,
屏東縣恆春鎮第4選舉區,115/09/04,盧國文,無,
屏東縣萬丹鄉第1選舉區,115/08/31,李奇萬,無,
屏東縣萬丹鄉第1選舉區,115/09/03,陳居首,無,
屏東縣萬丹鄉第1選舉區,115/09/04,洪瑞鳴,無,
屏東縣萬丹鄉第2選舉區,115/08/31,洪維呈,民主進步黨,
屏東縣萬丹鄉第2選舉區,115/09/02,黃美玲,無,
屏東縣萬丹鄉第2選舉區,115/09/02,方天仕,無,
屏東縣萬丹鄉第2選舉區,115/09/02,蔡沄杉,無,
屏東縣萬丹鄉第2選舉區,115/09/02,黃麗伝,中國國民黨,
屏東縣萬丹鄉第2選舉區,115/09/03,李文富,無,
屏東縣萬丹鄉第3選舉區,115/08/31,陳萬能,無,
屏東縣萬丹鄉第3選舉區,115/09/01,蕭朝琴,無,
屏東縣萬丹鄉第3選舉區,115/09/02,李天德,無,
屏東縣萬丹鄉第3選舉區,115/09/04,陳科名,中國國民黨,
屏東縣萬丹鄉第4選舉區,115/09/01,徐銘言,無,
屏東縣萬丹鄉第4選舉區,115/09/01,李徳全,無,
屏東縣萬丹鄉第4選舉區,115/09/02,毛民欽,無,
屏東縣萬丹鄉第4選舉區,115/09/02,羅司倫,無,
屏東縣長治鄉第1選舉區,115/08/31,黃德嬌,中國國民黨,
屏東縣長治鄉第1選舉區,115/09/02,邱炬峰,中國國民黨,
屏東縣長治鄉第1選舉區,115/09/02,鍾任政,無,
屏東縣長治鄉第1選舉區,115/09/02,黃劭瑜,無,
屏東縣長治鄉第1選舉區,115/09/02,邱威文,無,
屏東縣長治鄉第1選舉區,115/09/03,黃志仁,無,
屏東縣長治鄉第2選舉區,115/09/01,邱文嶽,無,
屏東縣長治鄉第2選舉區,115/09/02,林木生,無,
屏東縣長治鄉第2選舉區,115/09/02,廖德進,無,
屏東縣長治鄉第2選舉區,115/09/02,黃正中,無,
屏東縣長治鄉第2選舉區,115/09/03,邱光榮,無,
屏東縣長治鄉第2選舉區,115/09/04,葉里仁,無,
屏東縣長治鄉第3選舉區,115/08/31,李清科,無,
屏東縣長治鄉第3選舉區,115/08/31,蘇瑞珉,無,
屏東縣長治鄉第3選舉區,115/09/02,林鳳美,無,
屏東縣長治鄉第3選舉區,115/09/03,陳澤緒,無,
屏東縣麟洛鄉第1選舉區,115/09/01,利志南,民主進步黨,
屏東縣麟洛鄉第1選舉區,115/09/02,李運城,無,
屏東縣麟洛鄉第1選舉區,115/09/03,楊文政,無,
屏東縣麟洛鄉第1選舉區,115/09/04,曾瑞香,無,
屏東縣麟洛鄉第2選舉區,115/09/01,吳森鴻,無,
屏東縣麟洛鄉第2選舉區,115/09/02,邱志憲,無,
屏東縣麟洛鄉第2選舉區,115/09/02,鍾孝志,無,
屏東縣麟洛鄉第2選舉區,115/09/02,王聖蕙,無,
屏東縣麟洛鄉第2選舉區,115/09/03,謝禮治,無,
屏東縣麟洛鄉第2選舉區,115/09/03,徐富楠,無,
屏東縣麟洛鄉第3選舉區,115/08/31,邱春櫻,無,
屏東縣麟洛鄉第3選舉區,115/08/31,彭吉男,無,
屏東縣麟洛鄉第3選舉區,115/09/01,賴任龍,民主進步黨,
屏東縣麟洛鄉第3選舉區,115/09/02,徐淑亮,無,
屏東縣麟洛鄉第3選舉區,115/09/04,許煥昌,無,
屏東縣麟洛鄉第4選舉區,115/08/31,馮和源,無,
屏東縣麟洛鄉第4選舉區,115/09/02,謝宗翰,無,
屏東縣麟洛鄉第4選舉區,115/09/02,陳光裕,無,
屏東縣麟洛鄉第4選舉區,115/09/02,陳勝隆,無,
屏東縣麟洛鄉第4選舉區,115/09/02,徐暢廷,無,
屏東縣麟洛鄉第4選舉區,115/09/03,劉志德,無,
屏東縣麟洛鄉第4選舉區,115/09/04,劉文山,無,
屏東縣九如鄉第1選舉區,115/09/01,周澄安,無,
屏東縣九如鄉第1選舉區,115/09/01,周秀緞,無,
屏東縣九如鄉第1選舉區,115/09/02,許仁壽,無,
屏東縣九如鄉第1選舉區,115/09/02,陳高進,無,
屏東縣九如鄉第1選舉區,115/09/03,陳坤旗,無,
屏東縣九如鄉第1選舉區,115/09/03,楊豐任,無,
屏東縣九如鄉第2選舉區,115/08/31,余蟬娟,無,
屏東縣九如鄉第2選舉區,115/09/01,黃顯樑,無,
屏東縣九如鄉第2選舉區,115/09/01,黃文俊,無,
屏東縣九如鄉第2選舉區,115/09/01,林鈴巡,無,
屏東縣九如鄉第2選舉區,115/09/02,黃凱麟,無,
屏東縣九如鄉第2選舉區,115/09/02,林志誠,無,
屏東縣九如鄉第2選舉區,115/09/03,劉永進,無,
屏東縣九如鄉第3選舉區,115/08/31,陳清進,無,
屏東縣九如鄉第3選舉區,115/09/01,邱文貴,無,
屏東縣九如鄉第3選舉區,115/09/02,陳錦銓,無,
屏東縣九如鄉第4選舉區,115/09/01,陳啟亮,無,
屏東縣九如鄉第4選舉區,115/09/02,吳坤益,無,
屏東縣九如鄉第4選舉區,115/09/03,陳春茂,無,
屏東縣里港鄉第1選舉區,115/08/31,楊重鍾,無,
屏東縣里港鄉第1選舉區,115/09/02,楊聰麟,民主進步黨,
屏東縣里港鄉第1選舉區,115/09/02,陳來厚,無,
屏東縣里港鄉第1選舉區,115/09/02,陳芸宣,無,
屏東縣里港鄉第1選舉區,115/09/03,藍國嘉,無,
屏東縣里港鄉第2選舉區,115/08/31,林綿顯,無,
屏東縣里港鄉第2選舉區,115/09/01,林瑞慶,無,
屏東縣里港鄉第2選舉區,115/09/02,林雲益,民主進步黨,
屏東縣里港鄉第2選舉區,115/09/02,林政論,民主進步黨,
屏東縣里港鄉第3選舉區,115/08/31,林明華,無,
屏東縣里港鄉第3選舉區,115/09/01,洪博誼,無,
屏東縣里港鄉第3選舉區,115/09/01,陳清郎,無,
屏東縣里港鄉第3選舉區,115/09/02,陳永松,民主進步黨,
屏東縣里港鄉第3選舉區,115/09/02,陳榮隆,無,
屏東縣里港鄉第4選舉區,115/08/31,吳清麗,無,
屏東縣里港鄉第4選舉區,115/09/01,曾聰諭,無,
屏東縣里港鄉第4選舉區,115/09/02,郭莉文,無,
屏東縣里港鄉第4選舉區,115/09/04,王正霖,無,
屏東縣鹽埔鄉第1選舉區,115/08/31,黃建華,無,
屏東縣鹽埔鄉第1選舉區,115/08/31,楊明郎,無,
屏東縣鹽埔鄉第1選舉區,115/09/01,呂昭東,無,
屏東縣鹽埔鄉第1選舉區,115/09/02,王妙津,無,
屏東縣鹽埔鄉第1選舉區,115/09/02,王國和,無,
屏東縣鹽埔鄉第1選舉區,115/09/02,林慶豐,無,
屏東縣鹽埔鄉第1選舉區,115/09/02,陳美如,無,
屏東縣鹽埔鄉第1選舉區,115/09/03,郭添登,無,
屏東縣鹽埔鄉第2選舉區,115/09/02,陳建州,無,
屏東縣鹽埔鄉第2選舉區,115/09/02,葉明寬,無,
屏東縣鹽埔鄉第3選舉區,115/08/31,吳勝雄,無,
屏東縣鹽埔鄉第3選舉區,115/09/02,郭榮俊,無,
屏東縣鹽埔鄉第3選舉區,115/09/02,陳國基,無,
屏東縣鹽埔鄉第3選舉區,115/09/02,鄭仁德,無,
屏東縣鹽埔鄉第4選舉區,115/08/31,陳冬桂,無,
屏東縣鹽埔鄉第4選舉區,115/08/31,李錫忠,無,
屏東縣鹽埔鄉第4選舉區,115/09/02,陳鳳筆,無,
屏東縣高樹鄉第1選舉區,115/08/31,梁景銘,無,
屏東縣高樹鄉第1選舉區,115/09/01,陳月香,無,
屏東縣高樹鄉第1選舉區,115/09/02,陳美棉,無,
屏東縣高樹鄉第1選舉區,115/09/02,梁賜名,無,
屏東縣高樹鄉第1選舉區,115/09/02,朱耀文,無,
屏東縣高樹鄉第1選舉區,115/09/02,陳純勇,無,
屏東縣高樹鄉第1選舉區,115/09/04,楊平庄,無,
屏東縣高樹鄉第2選舉區,115/09/02,伍俊賢,無,
屏東縣高樹鄉第2選舉區,115/09/02,林景正,無,
屏東縣高樹鄉第2選舉區,115/09/02,林世南,無,
屏東縣高樹鄉第2選舉區,115/09/02,羅芝尹,無,
屏東縣高樹鄉第3選舉區,115/09/01,劉維祥,無,
屏東縣高樹鄉第3選舉區,115/09/02,江明宗,無,
屏東縣高樹鄉第3選舉區,115/09/02,曾德榮,無,
屏東縣高樹鄉第3選舉區,115/09/03,鄭嘉臻,無,
屏東縣高樹鄉第4選舉區,115/08/31,曾家鼎,無,
屏東縣高樹鄉第4選舉區,115/08/31,洪彩華,無,
屏東縣高樹鄉第4選舉區,115/08/31,柯文吉,無,
屏東縣高樹鄉第4選舉區,115/09/01,許鄭舜遊,無,
屏東縣萬巒鄉第1選舉區,115/08/31,鍾名富,無,
屏東縣萬巒鄉第1選舉區,115/09/02,蔡森泰,無,
屏東縣萬巒鄉第1選舉區,115/09/02,林桂松,無,
屏東縣萬巒鄉第1選舉區,115/09/02,林成宏,無,
屏東縣萬巒鄉第1選舉區,115/09/03,曾彥屏,無,
屏東縣萬巒鄉第1選舉區,115/09/03,林達文,無,
屏東縣萬巒鄉第1選舉區,115/09/03,林錦堂,無,
屏東縣萬巒鄉第1選舉區,115/09/03,鍾秀美,無,
屏東縣萬巒鄉第2選舉區,115/09/01,林榮耀,無,
屏東縣萬巒鄉第2選舉區,115/09/02,劉正雄,無,
屏東縣萬巒鄉第2選舉區,115/09/02,劉佳菱,無,
屏東縣萬巒鄉第3選舉區,115/09/03,潘美燕,無,
屏東縣萬巒鄉第3選舉區,115/09/03,潘進丁,無,
屏東縣萬巒鄉第3選舉區,115/09/03,潘培琳,無,
屏東縣萬巒鄉第4選舉區,115/08/31,陳平貴,無,
屏東縣萬巒鄉第4選舉區,115/08/31,李典,無,
屏東縣萬巒鄉第4選舉區,115/09/02,陳明標,無,
屏東縣萬巒鄉第4選舉區,115/09/02,謝春香,無,
屏東縣萬巒鄉第4選舉區,115/09/02,郭雲文,無,
屏東縣萬巒鄉第4選舉區,115/09/04,湯菀蕈,無,
屏東縣內埔鄉第1選舉區,115/09/01,蘇文榮,無,
屏東縣內埔鄉第1選舉區,115/09/02,廖秀琴,民主進步黨,
屏東縣內埔鄉第1選舉區,115/09/02,林清雲,無,
屏東縣內埔鄉第1選舉區,115/09/02,陳源信,中國國民黨,
屏東縣內埔鄉第1選舉區,115/09/02,李裕忠,無,
屏東縣內埔鄉第1選舉區,115/09/02,鍾慶鎮,民主進步黨,
屏東縣內埔鄉第1選舉區,115/09/02,黃肇榮,中國國民黨,
屏東縣內埔鄉第1選舉區,115/09/03,李佩芳,中國國民黨,
屏東縣內埔鄉第1選舉區,115/09/04,謝文龍,無,
屏東縣內埔鄉第2選舉區,115/09/01,黃文霖,無,
屏東縣內埔鄉第2選舉區,115/09/02,鍾燿元,民主進步黨,
屏東縣內埔鄉第2選舉區,115/09/02,鄧鏡斌,民主進步黨,
屏東縣內埔鄉第2選舉區,115/09/02,謝紫縈,民主進步黨,
屏東縣內埔鄉第3選舉區,115/09/02,鍾國雄,民主進步黨,
屏東縣內埔鄉第3選舉區,115/09/02,鍾心緹,無,
屏東縣內埔鄉第4選舉區,115/08/31,鍾廣鈞,公民黨,
屏東縣內埔鄉第4選舉區,115/09/01,黃子珉,無,
屏東縣內埔鄉第4選舉區,115/09/02,房玉屏,無,
屏東縣內埔鄉第4選舉區,115/09/02,郭麗珍,中國國民黨,
屏東縣內埔鄉第4選舉區,115/09/03,李進賢,無,
屏東縣內埔鄉第4選舉區,115/09/03,楊協進,無,
屏東縣內埔鄉第4選舉區,115/09/03,舒芝蓁,中國國民黨,
屏東縣竹田鄉第1選舉區,115/09/02,陳永光,無,
屏東縣竹田鄉第1選舉區,115/09/02,張浩軒,無,
屏東縣竹田鄉第1選舉區,115/09/02,邱偉容,無,
屏東縣竹田鄉第1選舉區,115/09/02,張漢銘,無,
屏東縣竹田鄉第1選舉區,115/09/02,李佳潙,無,
屏東縣竹田鄉第1選舉區,115/09/03,吳國雄,無,
屏東縣竹田鄉第1選舉區,115/09/04,林其明,無,
屏東縣竹田鄉第1選舉區,115/09/04,馮卉蘭,無,
屏東縣竹田鄉第2選舉區,115/08/31,陳聲兆,民主進步黨,
屏東縣竹田鄉第2選舉區,115/09/02,鄒懋明,無,
屏東縣竹田鄉第2選舉區,115/09/02,陳懋進,無,
屏東縣竹田鄉第2選舉區,115/09/02,陳芝傑,無,
屏東縣竹田鄉第2選舉區,115/09/02,謝安香,無,
屏東縣竹田鄉第3選舉區,115/09/02,李李水,無,
屏東縣竹田鄉第3選舉區,115/09/02,陳延瑜,無,
屏東縣竹田鄉第3選舉區,115/09/03,施長川,無,
屏東縣新埤鄉第1選舉區,115/08/31,葉家宏,無,
屏東縣新埤鄉第1選舉區,115/09/01,王秀鏵,無,
屏東縣新埤鄉第1選舉區,115/09/02,李良田,無,
屏東縣新埤鄉第1選舉區,115/09/02,鍾貴來,無,
屏東縣新埤鄉第1選舉區,115/09/02,賴榆蓁,無,
屏東縣新埤鄉第1選舉區,115/09/03,劉秀專,無,
屏東縣新埤鄉第2選舉區,115/09/02,潘建民,無,
屏東縣新埤鄉第2選舉區,115/09/03,潘政宏,無,
屏東縣新埤鄉第2選舉區,115/09/03,潘坤泰,無,
屏東縣新埤鄉第2選舉區,115/09/03,潘柏翰,無,
屏東縣新埤鄉第2選舉區,115/09/03,賴俊憲,無,
屏東縣新埤鄉第2選舉區,115/09/04,吳進德,無,
屏東縣新埤鄉第2選舉區,115/09/04,潘永道,無,
屏東縣枋寮鄉第1選舉區,115/08/31,陳旻煒,無,
屏東縣枋寮鄉第1選舉區,115/09/01,陳富隆,無,
屏東縣枋寮鄉第1選舉區,115/09/02,陳俊宏,中國國民黨,
屏東縣枋寮鄉第1選舉區,115/09/02,王清芬,中國國民黨,
屏東縣枋寮鄉第1選舉區,115/09/02,黃信憲,無,
屏東縣枋寮鄉第1選舉區,115/09/02,林秋貴,無,
屏東縣枋寮鄉第1選舉區,115/09/02,沈漢旗,無,
屏東縣枋寮鄉第1選舉區,115/09/02,蔡宛靜,無,
屏東縣枋寮鄉第1選舉區,115/09/02,盧俊昌,無,
屏東縣枋寮鄉第2選舉區,115/08/31,陳聖泰,無,
屏東縣枋寮鄉第2選舉區,115/09/02,王麗絨,無,
屏東縣枋寮鄉第2選舉區,115/09/02,陳燕萩,無,
屏東縣枋寮鄉第2選舉區,115/09/02,劉榮謄,無,
屏東縣枋寮鄉第2選舉區,115/09/02,潘秀地,無,
屏東縣枋寮鄉第3選舉區,115/08/31,林鳳春,民主進步黨,
屏東縣枋寮鄉第3選舉區,115/09/02,林輝星,中國國民黨,
屏東縣新園鄉第1選舉區,115/08/31,鄭鈺宸,民主進步黨,
屏東縣新園鄉第1選舉區,115/09/01,李怡欣,無,
屏東縣新園鄉第1選舉區,115/09/02,林洋德,無,
屏東縣新園鄉第1選舉區,115/09/02,林良達,無,
屏東縣新園鄉第1選舉區,115/09/02,張瑞達,無,
屏東縣新園鄉第2選舉區,115/08/31,許金墻,無,
屏東縣新園鄉第2選舉區,115/09/01,方泰翔,無,
屏東縣新園鄉第2選舉區,115/09/02,陳春日,無,
屏東縣新園鄉第2選舉區,115/09/02,方冠凱,無,
屏東縣新園鄉第2選舉區,115/09/02,方柏堯,民主進步黨,
屏東縣新園鄉第2選舉區,115/09/04,陳俊仰,無,
屏東縣新園鄉第3選舉區,115/08/31,林順煌,無,
屏東縣新園鄉第3選舉區,115/09/02,郭再春,無,
屏東縣新園鄉第3選舉區,115/09/02,張肆一,無,
屏東縣新園鄉第3選舉區,115/09/02,楊琼如,無,
屏東縣新園鄉第3選舉區,115/09/03,郭宗諭,無,
屏東縣新園鄉第4選舉區,115/09/02,朱美璉,無,
屏東縣新園鄉第4選舉區,115/09/02,林慧如,無,
屏東縣新園鄉第4選舉區,115/09/02,宋燕秋,無,
屏東縣崁頂鄉第1選舉區,115/08/31,莊宗文,無,
屏東縣崁頂鄉第1選舉區,115/08/31,鄭光明,無,
屏東縣崁頂鄉第1選舉區,115/09/02,蔡梅玉,無,
屏東縣崁頂鄉第1選舉區,115/09/02,蘇明智,無,
屏東縣崁頂鄉第1選舉區,115/09/02,王國鑑,無,
屏東縣崁頂鄉第1選舉區,115/09/02,陳麗凰,無,
屏東縣崁頂鄉第2選舉區,115/09/01,邱基田,無,
屏東縣崁頂鄉第2選舉區,115/09/02,陳安茂,無,
屏東縣崁頂鄉第2選舉區,115/09/02,鄭秀填,無,
屏東縣崁頂鄉第2選舉區,115/09/02,郭原成,無,
屏東縣崁頂鄉第2選舉區,115/09/04,林漢昌,無,
屏東縣崁頂鄉第3選舉區,115/08/31,蔡嘉榮,無,
屏東縣崁頂鄉第3選舉區,115/09/02,郭品辰,無,
屏東縣崁頂鄉第3選舉區,115/09/02,郭見東,無,
屏東縣崁頂鄉第4選舉區,115/09/01,楊芷瑜,無,
屏東縣崁頂鄉第4選舉區,115/09/02,羅明旭,無,
屏東縣崁頂鄉第4選舉區,115/09/02,羅雄裕,無,
屏東縣崁頂鄉第4選舉區,115/09/02,羅崑龍,無,
屏東縣崁頂鄉第4選舉區,115/09/02,曾輝地,無,
屏東縣林邊鄉第1選舉區,115/08/31,黃子瑞,無,
屏東縣林邊鄉第1選舉區,115/08/31,陳春貴,無,
屏東縣林邊鄉第1選舉區,115/08/31,謝明鐘,無,
屏東縣林邊鄉第1選舉區,115/09/01,陳俊吉,無,
屏東縣林邊鄉第1選舉區,115/09/02,翁玉芳,無,
屏東縣林邊鄉第1選舉區,115/09/03,林文欽,無,
屏東縣林邊鄉第1選舉區,115/09/03,黃李娘,無,
屏東縣林邊鄉第1選舉區,115/09/03,陳登泰,無,
屏東縣林邊鄉第1選舉區,115/09/03,張晉豪,無,
屏東縣林邊鄉第2選舉區,115/08/31,蘇一雄,無,
屏東縣林邊鄉第2選舉區,115/08/31,陳順豐,無,
屏東縣林邊鄉第2選舉區,115/09/02,鄭瑞華,無,
屏東縣林邊鄉第2選舉區,115/09/02,蔡春蘭,無,
屏東縣林邊鄉第2選舉區,115/09/04,鍾慎,無,
屏東縣林邊鄉第3選舉區,115/08/31,阮茂益,無,
屏東縣林邊鄉第3選舉區,115/09/01,鄭文彬,無,
屏東縣林邊鄉第3選舉區,115/09/04,阮興南,無,
屏東縣南州鄉第1選舉區,115/08/31,劉上銘,無,
屏東縣南州鄉第1選舉區,115/09/02,湯智雄,無,
屏東縣南州鄉第1選舉區,115/09/02,邱敏慧,無,
屏東縣南州鄉第1選舉區,115/09/02,許王婦櫻,無,
屏東縣南州鄉第1選舉區,115/09/02,張江豪,無,
屏東縣南州鄉第1選舉區,115/09/02,胡月娥,無,
屏東縣南州鄉第1選舉區,115/09/03,戴曉萍,無,
屏東縣南州鄉第1選舉區,115/09/03,馬麗翎,無,
屏東縣南州鄉第2選舉區,115/08/31,潘林素月,無,
屏東縣南州鄉第2選舉區,115/09/02,林逢宜,無,
屏東縣南州鄉第2選舉區,115/09/02,陳茂民,無,
屏東縣南州鄉第3選舉區,115/09/01,黃登凱,無,
屏東縣南州鄉第3選舉區,115/09/03,陳建華,無,
屏東縣佳冬鄉第1選舉區,115/08/31,陳桂美,無,
屏東縣佳冬鄉第1選舉區,115/09/01,賴神公,無,
屏東縣佳冬鄉第1選舉區,115/09/02,張菊蓮,民主進步黨,
屏東縣佳冬鄉第1選舉區,115/09/02,陳佳琦,無,
屏東縣佳冬鄉第1選舉區,115/09/03,陳勝居,無,
屏東縣佳冬鄉第2選舉區,115/08/31,周春典,無,
屏東縣佳冬鄉第2選舉區,115/09/01,王家正,無,
屏東縣佳冬鄉第2選舉區,115/09/01,胡鶯雪,無,
屏東縣佳冬鄉第2選舉區,115/09/02,陳谷智,民主進步黨,
屏東縣佳冬鄉第3選舉區,115/09/01,陳雅昆,無,
屏東縣佳冬鄉第3選舉區,115/09/01,葉寬銘,無,
屏東縣佳冬鄉第3選舉區,115/09/03,林秋谷,無,
屏東縣佳冬鄉第4選舉區,115/08/31,黃再團,無,
屏東縣佳冬鄉第4選舉區,115/09/02,李明杰,無,
屏東縣佳冬鄉第4選舉區,115/09/03,陳進成,無,
屏東縣琉球鄉第1選舉區,115/08/31,林榮家,無,
屏東縣琉球鄉第1選舉區,115/09/01,蔡家印,無,
屏東縣琉球鄉第1選舉區,115/09/02,李佳旗,無,
屏東縣琉球鄉第1選舉區,115/09/02,蘇富成,無,
屏東縣琉球鄉第2選舉區,115/08/31,洪良輝,無,
屏東縣琉球鄉第2選舉區,115/09/02,陳坤憲,無,
屏東縣琉球鄉第2選舉區,115/09/03,洪紫玲,無,
屏東縣琉球鄉第2選舉區,115/09/04,陳癸宏,無,
屏東縣琉球鄉第3選舉區,115/08/31,陳智雄,無,
屏東縣琉球鄉第3選舉區,115/09/02,陳國興,無,
屏東縣琉球鄉第4選舉區,115/08/31,許金國,無,
屏東縣琉球鄉第4選舉區,115/09/01,洪文良,無,
屏東縣琉球鄉第4選舉區,115/09/03,蔡怡芳,無,
屏東縣琉球鄉第4選舉區,115/09/03,陳宏成,無,
屏東縣車城鄉第1選舉區,115/08/31,邵瑞榕,無,
屏東縣車城鄉第1選舉區,115/09/03,潘美珠,無,
屏東縣車城鄉第2選舉區,115/09/02,徐志偉,無,
屏東縣車城鄉第2選舉區,115/09/02,董松山,無,
屏東縣車城鄉第2選舉區,115/09/02,林煌誠,無,
屏東縣車城鄉第2選舉區,115/09/02,林勝揚,無,
屏東縣車城鄉第2選舉區,115/09/04,鍾三能,無,
屏東縣車城鄉第3選舉區,115/09/02,張穎豪,無,
屏東縣車城鄉第3選舉區,115/09/02,張世昌,無,
屏東縣車城鄉第3選舉區,115/09/03,傅進寶,無,
屏東縣車城鄉第4選舉區,115/08/31,白文宏,無,
屏東縣車城鄉第4選舉區,115/09/02,楊秀美,無,
屏東縣車城鄉第4選舉區,115/09/03,張鈺崴,無,
屏東縣滿州鄉第1選舉區,115/08/31,熊志謀,無,
屏東縣滿州鄉第1選舉區,115/08/31,鍾鳳娥,無,
屏東縣滿州鄉第1選舉區,115/09/03,王于辰,無,
屏東縣滿州鄉第1選舉區,115/09/03,陳榮茂,無,
屏東縣滿州鄉第1選舉區,115/09/04,陳榮華,無,
屏東縣滿州鄉第2選舉區,115/09/01,潘鳳滿,無,
屏東縣滿州鄉第2選舉區,115/09/02,古宗勳,無,
屏東縣滿州鄉第3選舉區,115/09/02,徐振章,無,
屏東縣滿州鄉第3選舉區,115/09/02,柯億男,無,
屏東縣滿州鄉第3選舉區,115/09/03,李亞倫,無,
屏東縣滿州鄉第3選舉區,115/09/03,王彩華,無,
屏東縣滿州鄉第4選舉區,115/09/02,潘俊傑,無,
屏東縣滿州鄉第4選舉區,115/09/02,潘坤福,無,
屏東縣滿州鄉第4選舉區,115/09/03,林值慶,無,
屏東縣枋山鄉第1選舉區,115/09/01,何正光,無,
屏東縣枋山鄉第1選舉區,115/09/01,林昌明,無,
屏東縣枋山鄉第2選舉區,115/09/01,郭坤山,無,
屏東縣枋山鄉第2選舉區,115/09/01,陳德昌,無,
屏東縣枋山鄉第2選舉區,115/09/02,李惠紅,無,
屏東縣枋山鄉第2選舉區,115/09/03,黃吉時,無,
屏東縣枋山鄉第2選舉區,115/09/03,許榮華,無,
屏東縣枋山鄉第3選舉區,115/08/31,陳恒輝,無,
屏東縣枋山鄉第3選舉區,115/09/01,魏慧鴻,無,
屏東縣枋山鄉第3選舉區,115/09/01,王証豊,無,
屏東縣枋山鄉第3選舉區,115/09/03,柯大成,無,
屏東縣三地門鄉第1選舉區,115/08/31,許瑞珠,無,
屏東縣三地門鄉第1選舉區,115/08/31,侯虎雄,無,
屏東縣三地門鄉第1選舉區,115/09/01,江振梅,無,
屏東縣三地門鄉第1選舉區,115/09/03,孫志豪,無,
屏東縣三地門鄉第1選舉區,115/09/03,林明龍,無,
屏東縣三地門鄉第1選舉區,115/09/03,林淑英,無,
屏東縣三地門鄉第2選舉區,115/08/31,婀冷‧里哇嗚林 Eleng‧Livauljin,無,
屏東縣三地門鄉第2選舉區,115/09/01,鍾秋蓮,無,
屏東縣三地門鄉第2選舉區,115/09/01,曾智雄,無,
屏東縣三地門鄉第2選舉區,115/09/02,利文良,中國國民黨,
屏東縣三地門鄉第2選舉區,115/09/02,陳鋒峰,無,
屏東縣三地門鄉第2選舉區,115/09/03,田清源,無,
屏東縣三地門鄉第2選舉區,115/09/03,曾立吉,無,
屏東縣三地門鄉第2選舉區,115/09/03,何文光,無,
屏東縣霧臺鄉第1選舉區,115/08/31,柯春容,無,
屏東縣霧臺鄉第1選舉區,115/09/01,巴仁昌,無,
屏東縣霧臺鄉第1選舉區,115/09/01,宋克強,無,
屏東縣霧臺鄉第1選舉區,115/09/03,包仙妹,無,
屏東縣霧臺鄉第1選舉區,115/09/03,柯秋美,無,
屏東縣霧臺鄉第1選舉區,115/09/03,杜仁生 Taugathu‧ ka‧Tamautun,無,
屏東縣霧臺鄉第2選舉區,115/09/01,柯信雄,無,
屏東縣霧臺鄉第2選舉區,115/09/02,邱琦恩,無,
屏東縣霧臺鄉第2選舉區,115/09/02,柯永吉,無,
屏東縣霧臺鄉第2選舉區,115/09/03,彭紹輝 Tanubake La Hubujiake,無,
屏東縣霧臺鄉第2選舉區,115/09/04,李金龍 Ngedrelre‧ Druluan,無,
屏東縣瑪家鄉第1選舉區,115/09/01,柳明光,無,
屏東縣瑪家鄉第1選舉區,115/09/01,金太平,無,
屏東縣瑪家鄉第1選舉區,115/09/02,鄔淑華,無,
屏東縣瑪家鄉第1選舉區,115/09/03,孫志明,無,
屏東縣瑪家鄉第1選舉區,115/09/03,杜文來,無,
屏東縣瑪家鄉第1選舉區,115/09/03,葉志強,無,
屏東縣瑪家鄉第1選舉區,115/09/03,胡青娥,無,
屏東縣瑪家鄉第1選舉區,115/09/03,柯俊傑 Sasuzu． Mabalriw,無,
屏東縣瑪家鄉第2選舉區,115/08/31,鍾宜庭,無,
屏東縣瑪家鄉第2選舉區,115/09/01,林明河,中國國民黨,
屏東縣瑪家鄉第2選舉區,115/09/02,簡孝忠Malacemac．K ．Tapurakac,無,
屏東縣瑪家鄉第2選舉區,115/09/03,葉明仁,無,
屏東縣瑪家鄉第2選舉區,115/09/03,高勝輝,無,
屏東縣泰武鄉第1選舉區,115/09/01,丁克強,無,
屏東縣泰武鄉第1選舉區,115/09/01,華李立民,中國國民黨,
屏東縣泰武鄉第1選舉區,115/09/01,莊臣,無,
屏東縣泰武鄉第1選舉區,115/09/02,何梅君 Zepulj． Kadrangiyan,中國國民黨,
屏東縣泰武鄉第1選舉區,115/09/03,許燕虹,無,
屏東縣泰武鄉第1選舉區,115/09/03,曾進仁 Arucangaij‧ Taratiki,無,
屏東縣泰武鄉第1選舉區,115/09/03,孫美珍 Ljuzjem． Pacekeij,無,
屏東縣泰武鄉第1選舉區,115/09/04,劉金山,無,
屏東縣泰武鄉第2選舉區,115/09/01,沈安日,無,
屏東縣泰武鄉第2選舉區,115/09/03,陳金生,無,
屏東縣泰武鄉第2選舉區,115/09/04,周志偉 kualjㆍ Gadruljigulj,無,
屏東縣泰武鄉第2選舉區,115/09/04,顏明貴,無,
屏東縣來義鄉第1選舉區,115/08/31,陳政輝,無,
屏東縣來義鄉第1選舉區,115/09/01,高國光,無,
屏東縣來義鄉第1選舉區,115/09/03,趙志強,無,
屏東縣來義鄉第1選舉區,115/09/03,李文華,無,
屏東縣來義鄉第1選舉區,115/09/04,沈巧柔,無,
屏東縣來義鄉第1選舉區,115/09/04,洪仙蓮,無,
屏東縣來義鄉第1選舉區,115/09/04,張達敏,無,
屏東縣來義鄉第1選舉區,115/09/04,石天月,中國國民黨,
屏東縣來義鄉第2選舉區,115/09/01,詹勇仁,中國國民黨,
屏東縣來義鄉第2選舉區,115/09/01,温王惠妹,無,
屏東縣來義鄉第2選舉區,115/09/02,羅俊宏,無,
屏東縣來義鄉第2選舉區,115/09/02,江登木,無,
屏東縣春日鄉第1選舉區,115/09/03,尤何秀珠,無,
屏東縣春日鄉第1選舉區,115/09/03,張志偉,無,
屏東縣春日鄉第1選舉區,115/09/03,邱國諺,無,
屏東縣春日鄉第1選舉區,115/09/03,蔡偉倫,無,
屏東縣春日鄉第2選舉區,115/09/03,黃連 Sauniyaw.Ruveljeng,無,
屏東縣春日鄉第2選舉區,115/09/03,洪得新giljaw quili,無,
屏東縣春日鄉第2選舉區,115/09/03,簡春福,無,
屏東縣春日鄉第2選舉區,115/09/03,徐進忠Kapang Tjarusapay,無,
屏東縣春日鄉第2選舉區,115/09/04,高王添福,無,
屏東縣獅子鄉第1選舉區,115/09/01,何素娟,無,
屏東縣獅子鄉第1選舉區,115/09/02,柳宏忠,無,
屏東縣獅子鄉第1選舉區,115/09/03,宋銘德,無,
屏東縣獅子鄉第1選舉區,115/09/03,簡新茂Kadrang．Qal japaya,無,
屏東縣獅子鄉第1選舉區,115/09/03,高基銘,無,
屏東縣獅子鄉第1選舉區,115/09/04,陳明貴,無,
屏東縣獅子鄉第2選舉區,115/08/31,謝志強,無,
屏東縣獅子鄉第2選舉區,115/09/01,朱彥政,無,
屏東縣獅子鄉第2選舉區,115/09/03,蔡特文,中國國民黨,
屏東縣牡丹鄉第1選舉區,115/08/31,潘呈清,無,
屏東縣牡丹鄉第1選舉區,115/08/31,陳英銘,無,
屏東縣牡丹鄉第1選舉區,115/09/01,林秋珍,無,
屏東縣牡丹鄉第1選舉區,115/09/02,葉德生,中國國民黨,
屏東縣牡丹鄉第1選舉區,115/09/02,余天文,無,
屏東縣牡丹鄉第1選舉區,115/09/03,王義明,無,
屏東縣牡丹鄉第1選舉區,115/09/04,尤慧蓁,無,
屏東縣牡丹鄉第2選舉區,115/09/01,許春蘭,無,
屏東縣牡丹鄉第2選舉區,115/09/03,郭秀春,無,
屏東縣牡丹鄉第2選舉區,115/09/03,曾明珠,無,
宜蘭縣宜蘭市第1選舉區,115/08/31,游國良,民主進步黨,
宜蘭縣宜蘭市第1選舉區,115/09/02,張榮輝,無,
宜蘭縣宜蘭市第1選舉區,115/09/02,吳晨愷,無,
宜蘭縣宜蘭市第1選舉區,115/09/02,林承蔡,中國國民黨,
宜蘭縣宜蘭市第1選舉區,115/09/02,黃靖婷,中國國民黨,
宜蘭縣宜蘭市第1選舉區,115/09/03,李嘉琪,無,
宜蘭縣宜蘭市第1選舉區,115/09/03,陳志鴻,無,
宜蘭縣宜蘭市第1選舉區,115/09/03,郭燈和,中國國民黨,
宜蘭縣宜蘭市第2選舉區,115/09/01,林麗玉,無,
宜蘭縣宜蘭市第2選舉區,115/09/02,林飛身,中國國民黨,
宜蘭縣宜蘭市第2選舉區,115/09/02,吳建基,無,
宜蘭縣宜蘭市第2選舉區,115/09/02,余雨昇,民主進步黨,
宜蘭縣宜蘭市第2選舉區,115/09/02,林緗庭,民主進步黨,
宜蘭縣宜蘭市第2選舉區,115/09/03,林雨蒼,中國國民黨,
宜蘭縣宜蘭市第3選舉區,115/09/02,陳俊堯,無,
宜蘭縣宜蘭市第3選舉區,115/09/02,林柏男,無,
宜蘭縣宜蘭市第3選舉區,115/09/02,王佳平,民主進步黨,
宜蘭縣宜蘭市第3選舉區,115/09/03,連聖懷,無,
宜蘭縣宜蘭市第3選舉區,115/09/03,鄭吳阿霞,中國國民黨,
宜蘭縣宜蘭市第3選舉區,115/09/03,陳彥廷,中國國民黨,
宜蘭縣宜蘭市第3選舉區,115/09/03,唐正忠,民主進步黨,
宜蘭縣宜蘭市第3選舉區,115/09/04,楊欽發,無,
宜蘭縣宜蘭市第4選舉區,115/09/02,賴秉燊,無,
宜蘭縣宜蘭市第4選舉區,115/09/02,吳則成,無,
宜蘭縣宜蘭市第4選舉區,115/09/02,黃議賢,中國國民黨,
宜蘭縣宜蘭市第4選舉區,115/09/03,林泳和,民主進步黨,
宜蘭縣宜蘭市第4選舉區,115/09/04,呂柏凱,無,
宜蘭縣羅東鎮第1選舉區,115/08/31,廖惠麗,無,
宜蘭縣羅東鎮第1選舉區,115/09/01,莊雅仁,無,
宜蘭縣羅東鎮第1選舉區,115/09/02,張桓翊,中國國民黨,
宜蘭縣羅東鎮第1選舉區,115/09/02,李錫欽,民主進步黨,
宜蘭縣羅東鎮第2選舉區,115/09/02,林碧霞,無,
宜蘭縣羅東鎮第2選舉區,115/09/03,何建東,中國國民黨,
宜蘭縣羅東鎮第2選舉區,115/09/04,林泰良,民主進步黨,
宜蘭縣羅東鎮第3選舉區,115/09/02,蔡莉雯,無,
宜蘭縣羅東鎮第3選舉區,115/09/02,莊漢源,中國國民黨,
宜蘭縣羅東鎮第3選舉區,115/09/02,許馨尹,中國國民黨,
宜蘭縣羅東鎮第3選舉區,115/09/03,張縈縈,無,
宜蘭縣羅東鎮第3選舉區,115/09/03,張榮華,無,
宜蘭縣羅東鎮第3選舉區,115/09/03,張蕙蘭,民主進步黨,
宜蘭縣羅東鎮第3選舉區,115/09/04,蔡宜潔,無,
宜蘭縣羅東鎮第3選舉區,115/09/03,簡均任,民主進步黨,
宜蘭縣羅東鎮第4選舉區,115/08/31,劉承賓,中國國民黨,
宜蘭縣羅東鎮第4選舉區,115/08/31,林美滿,民主進步黨,
宜蘭縣羅東鎮第4選舉區,115/09/02,曾威澤,無,
宜蘭縣羅東鎮第4選舉區,115/09/03,簡鳴佐,無,
宜蘭縣羅東鎮第4選舉區,115/09/03,邱文生,無,
宜蘭縣羅東鎮第4選舉區,115/09/04,陳震宇,無,
宜蘭縣羅東鎮第4選舉區,115/09/04,李錫参,民主進步黨,
宜蘭縣羅東鎮第4選舉區,115/09/04,游本全,無,
宜蘭縣蘇澳鎮第1選舉區,115/08/31,吳玉龍,無,
宜蘭縣蘇澳鎮第2選舉區,115/08/31,方智彥,無,
宜蘭縣蘇澳鎮第2選舉區,115/09/03,曾太山,無,
宜蘭縣蘇澳鎮第3選舉區,115/08/31,陳育弘,無,
宜蘭縣蘇澳鎮第3選舉區,115/09/02,歐進義,民主進步黨,
宜蘭縣蘇澳鎮第3選舉區,115/09/02,翁季,民主進步黨,
宜蘭縣蘇澳鎮第3選舉區,115/09/02,賴金河,中國國民黨,
宜蘭縣蘇澳鎮第3選舉區,115/09/03,吳昇曌,無,
宜蘭縣蘇澳鎮第3選舉區,115/09/04,黃忠志,無,
宜蘭縣蘇澳鎮第3選舉區,115/09/04,楊臨峯,無,
宜蘭縣蘇澳鎮第3選舉區,115/09/04,李明勳,無,
宜蘭縣蘇澳鎮第4選舉區,115/08/31,沈俊志,台灣民眾黨,
宜蘭縣蘇澳鎮第4選舉區,115/09/01,賴復元,無,
宜蘭縣蘇澳鎮第4選舉區,115/09/02,李婉萍,無,
宜蘭縣蘇澳鎮第4選舉區,115/09/02,陳映蓉,無,
宜蘭縣蘇澳鎮第4選舉區,115/09/02,林森豪,無,
宜蘭縣蘇澳鎮第4選舉區,115/09/03,陳志明,民主進步黨,
宜蘭縣蘇澳鎮第4選舉區,115/09/03,王明輝,無,
宜蘭縣蘇澳鎮第4選舉區,115/09/03,林廷翰,民主進步黨,
宜蘭縣頭城鎮第1選舉區,115/08/31,林雨廷,無,
宜蘭縣頭城鎮第1選舉區,115/09/01,余婉樺,無,
宜蘭縣頭城鎮第1選舉區,115/09/01,蕭世朋,無,
宜蘭縣頭城鎮第1選舉區,115/09/02,林筱菁,無,
宜蘭縣頭城鎮第1選舉區,115/09/02,楊碧村,無,
宜蘭縣頭城鎮第1選舉區,115/09/02,林端,無,
宜蘭縣頭城鎮第1選舉區,115/09/04,林錦梅,無,
宜蘭縣頭城鎮第2選舉區,115/08/31,吳淑貞,無,
宜蘭縣頭城鎮第2選舉區,115/09/01,徐宏達,無,
宜蘭縣頭城鎮第2選舉區,115/09/02,蔡財丁,無,
宜蘭縣頭城鎮第2選舉區,115/09/02,甘錫賢,無,
宜蘭縣頭城鎮第2選舉區,115/09/03,張舜武,無,
宜蘭縣頭城鎮第2選舉區,115/09/03,王凱霖,無,
宜蘭縣頭城鎮第3選舉區,115/09/02,林連生,無,
宜蘭縣頭城鎮第3選舉區,115/09/02,紀博文,無,
宜蘭縣頭城鎮第3選舉區,115/09/02,劉奕甫,無,
宜蘭縣頭城鎮第3選舉區,115/09/04,林鍇樺,無,
宜蘭縣頭城鎮第4選舉區,115/09/01,薛柏新,無,
宜蘭縣頭城鎮第4選舉區,115/09/02,薛柏平,無,
宜蘭縣頭城鎮第4選舉區,115/09/04,簡英俊,無,
宜蘭縣礁溪鄉第1選舉區,115/08/31,李正皓,無,
宜蘭縣礁溪鄉第1選舉區,115/08/31,李佳勳,無,
宜蘭縣礁溪鄉第1選舉區,115/09/02,藍偉玲,無,
宜蘭縣礁溪鄉第1選舉區,115/09/02,梁升睿,中國國民黨,
宜蘭縣礁溪鄉第1選舉區,115/09/02,李易汶,無,
宜蘭縣礁溪鄉第1選舉區,115/09/02,高凡淇,無,
宜蘭縣礁溪鄉第1選舉區,115/09/03,呂健吉,無,
宜蘭縣礁溪鄉第1選舉區,115/09/03,林福山,無,
宜蘭縣礁溪鄉第1選舉區,115/09/04,游芳瑜,中國國民黨,
宜蘭縣礁溪鄉第1選舉區,115/09/04,簡立翔,無,
宜蘭縣礁溪鄉第1選舉區,115/09/04,何文宏,無,
宜蘭縣礁溪鄉第2選舉區,115/09/03,吳開漳,無,
宜蘭縣礁溪鄉第2選舉區,115/09/03,林漢民,中國國民黨,
宜蘭縣礁溪鄉第2選舉區,115/09/04,林森枝,民主進步黨,
宜蘭縣礁溪鄉第3選舉區,115/09/02,吳政展,無,
宜蘭縣礁溪鄉第3選舉區,115/09/03,吳錫祺,中國國民黨,
宜蘭縣礁溪鄉第4選舉區,115/08/31,吳美琦,無,
宜蘭縣礁溪鄉第4選舉區,115/09/01,黃曜維,無,
宜蘭縣礁溪鄉第4選舉區,115/09/02,張景程,無,
宜蘭縣礁溪鄉第4選舉區,115/09/02,吳思埏,無,
宜蘭縣礁溪鄉第4選舉區,115/09/02,游勝棋,無,
宜蘭縣壯圍鄉第1選舉區,115/09/02,潘文益,無,
宜蘭縣壯圍鄉第1選舉區,115/09/02,陳木坤,無,
宜蘭縣壯圍鄉第1選舉區,115/09/02,楊宜樺,無,
宜蘭縣壯圍鄉第1選舉區,115/09/03,林淑蓉,無,
宜蘭縣壯圍鄉第1選舉區,115/09/04,林珮瑜,無,
宜蘭縣壯圍鄉第2選舉區,115/08/31,林新峰,無,
宜蘭縣壯圍鄉第2選舉區,115/09/02,張清芳,無,
宜蘭縣壯圍鄉第2選舉區,115/09/02,林榮華,無,
宜蘭縣壯圍鄉第2選舉區,115/09/02,林忠孝,無,
宜蘭縣壯圍鄉第3選舉區,115/09/02,陳世軒,無,
宜蘭縣壯圍鄉第3選舉區,115/09/02,周登祥,無,
宜蘭縣壯圍鄉第3選舉區,115/09/02,林進凱,無,
宜蘭縣壯圍鄉第3選舉區,115/09/03,林信富,無,
宜蘭縣壯圍鄉第4選舉區,115/08/31,林金虎,無,
宜蘭縣壯圍鄉第4選舉區,115/09/02,簡文魁,無,
宜蘭縣壯圍鄉第4選舉區,115/09/02,林國棟,無,
宜蘭縣壯圍鄉第4選舉區,115/09/02,林文達,無,
宜蘭縣壯圍鄉第4選舉區,115/09/03,吳旺水,無,
宜蘭縣壯圍鄉第4選舉區,115/09/04,林建平,無,
宜蘭縣員山鄉第1選舉區,115/09/02,宋弘彬,民主進步黨,
宜蘭縣員山鄉第1選舉區,115/09/02,陳俊,無,
宜蘭縣員山鄉第1選舉區,115/09/02,楊金旺,無,
宜蘭縣員山鄉第1選舉區,115/09/02,何春慧,無,
宜蘭縣員山鄉第1選舉區,115/09/03,鄭春美,無,
宜蘭縣員山鄉第1選舉區,115/09/04,游森凱,無,
宜蘭縣員山鄉第2選舉區,115/08/31,高明芳,民主進步黨,
宜蘭縣員山鄉第2選舉區,115/09/02,曾繁文,無,
宜蘭縣員山鄉第2選舉區,115/09/02,朱火金,無,
宜蘭縣員山鄉第2選舉區,115/09/04,謝易達,無,
宜蘭縣員山鄉第3選舉區,115/09/01,李正銘,無,
宜蘭縣員山鄉第3選舉區,115/09/02,林子凱,無,
宜蘭縣員山鄉第3選舉區,115/09/02,李文熙,無,
宜蘭縣員山鄉第3選舉區,115/09/02,黃彥士,無,
宜蘭縣員山鄉第3選舉區,115/09/03,許恒輯,民主進步黨,
宜蘭縣員山鄉第4選舉區,115/09/02,張明昌,民主進步黨,
宜蘭縣員山鄉第4選舉區,115/09/04,呂俊宏,無,
宜蘭縣冬山鄉第1選舉區,115/09/03,黃強呈,民主進步黨,
宜蘭縣冬山鄉第1選舉區,115/09/03,林泰伊,民主進步黨,
宜蘭縣冬山鄉第1選舉區,115/09/03,黃萬金,無,
宜蘭縣冬山鄉第1選舉區,115/09/03,李蕣利,中國國民黨,
宜蘭縣冬山鄉第2選舉區,115/09/02,李正煌,民主進步黨,
宜蘭縣冬山鄉第2選舉區,115/09/02,林清德,民主進步黨,
宜蘭縣冬山鄉第2選舉區,115/09/02,黃鴻達,無,
宜蘭縣冬山鄉第2選舉區,115/09/02,張國偉,無,
宜蘭縣冬山鄉第2選舉區,115/09/02,楊弘委,中國國民黨,
宜蘭縣冬山鄉第3選舉區,115/08/31,李木田,無,
宜蘭縣冬山鄉第3選舉區,115/09/02,江文賢,民主進步黨,
宜蘭縣冬山鄉第3選舉區,115/09/02,吳建文,無,
宜蘭縣冬山鄉第3選舉區,115/09/04,林哲豪,無,
宜蘭縣冬山鄉第4選舉區,115/09/02,江清祥,民主進步黨,
宜蘭縣冬山鄉第4選舉區,115/09/02,蔡東海,無,
宜蘭縣冬山鄉第4選舉區,115/09/02,游浩詮,中國國民黨,
宜蘭縣冬山鄉第4選舉區,115/09/02,陳麗娟,無,
宜蘭縣五結鄉第1選舉區,115/08/31,蔡文郎,無,
宜蘭縣五結鄉第1選舉區,115/09/02,莊文明,無,
宜蘭縣五結鄉第1選舉區,115/09/02,林文彬,無,
宜蘭縣五結鄉第1選舉區,115/09/03,陳廷綸,無,
宜蘭縣五結鄉第2選舉區,115/09/02,廖啟賢,民主進步黨,
宜蘭縣五結鄉第2選舉區,115/09/02,林證梧,無,
宜蘭縣五結鄉第3選舉區,115/09/02,陳林煌,民主進步黨,
宜蘭縣五結鄉第3選舉區,115/09/03,陳奕穎,無,
宜蘭縣五結鄉第3選舉區,115/09/03,林益風,無,
宜蘭縣五結鄉第3選舉區,115/09/03,陳啟生,無,
宜蘭縣五結鄉第4選舉區,115/09/01,簡竼毅,無,
宜蘭縣五結鄉第4選舉區,115/09/02,吳明吉,民主進步黨,
宜蘭縣五結鄉第4選舉區,115/09/03,林淑君,無,
宜蘭縣五結鄉第4選舉區,115/09/03,林俊良,無,
宜蘭縣五結鄉第5選舉區,115/09/02,張亮軒,民主進步黨,
宜蘭縣五結鄉第5選舉區,115/09/02,陳美華,無,
宜蘭縣五結鄉第5選舉區,115/09/03,何春金,無,
宜蘭縣三星鄉第1選舉區,115/09/02,謝正統,民主進步黨,
宜蘭縣三星鄉第1選舉區,115/09/03,温慶華,中國國民黨,
宜蘭縣三星鄉第1選舉區,115/09/03,吳真道,無,
宜蘭縣三星鄉第1選舉區,115/09/04,徐進忠,無,
宜蘭縣三星鄉第2選舉區,115/09/01,宋狄澔,中國國民黨,
宜蘭縣三星鄉第2選舉區,115/09/02,吳承修,民主進步黨,
宜蘭縣三星鄉第2選舉區,115/09/03,張榮華,中國國民黨,
宜蘭縣三星鄉第2選舉區,115/09/03,簡春良,無,
宜蘭縣三星鄉第3選舉區,115/09/02,范期勛,無,
宜蘭縣三星鄉第3選舉區,115/09/02,梁文德,無,
宜蘭縣三星鄉第3選舉區,115/09/03,葉金安,民主進步黨,
宜蘭縣三星鄉第3選舉區,115/09/03,蔣世賢,中國國民黨,
宜蘭縣三星鄉第3選舉區,115/09/03,雷慧玲,中國國民黨,
宜蘭縣三星鄉第3選舉區,115/09/03,吳孟榛,民主進步黨,
宜蘭縣三星鄉第3選舉區,115/09/04,洪訢詔,無,
宜蘭縣三星鄉第4選舉區,115/09/02,林麗玉,民主進步黨,
宜蘭縣三星鄉第4選舉區,115/09/02,秦慧玲,民主進步黨,
宜蘭縣三星鄉第4選舉區,115/09/02,羅文吉,無,
宜蘭縣三星鄉第4選舉區,115/09/04,陳春基,中國國民黨,
宜蘭縣三星鄉第4選舉區,115/09/04,陳健龍,無,
宜蘭縣大同鄉第1選舉區,115/08/31,馮武雄,無,
宜蘭縣大同鄉第1選舉區,115/09/02,孫英花,無,
宜蘭縣大同鄉第1選舉區,115/09/03,林志維,無,
宜蘭縣大同鄉第1選舉區,115/09/03,胡杏玲,無,
宜蘭縣大同鄉第1選舉區,115/09/03,呂淑芬,無,
宜蘭縣大同鄉第2選舉區,115/09/01,賴文富,無,
宜蘭縣大同鄉第2選舉區,115/09/02,古清山,無,
宜蘭縣大同鄉第2選舉區,115/09/03,楊金源,無,
宜蘭縣大同鄉第3選舉區,115/08/31,曾勝一,無,
宜蘭縣大同鄉第3選舉區,115/08/31,呂紹維,無,
宜蘭縣大同鄉第3選舉區,115/09/01,簡進𡍼,無,
宜蘭縣大同鄉第4選舉區,115/09/02,陳忠義,無,
宜蘭縣大同鄉第4選舉區,115/09/02,黃金海,無,
宜蘭縣大同鄉第4選舉區,115/09/02,呂萬福,無,
宜蘭縣大同鄉第4選舉區,115/09/03,李富珍,無,
宜蘭縣南澳鄉第1選舉區,115/08/31,李元亮,無,
宜蘭縣南澳鄉第1選舉區,115/09/03,江茜亞,無,
宜蘭縣南澳鄉第1選舉區,115/09/03,胡勝己,中國國民黨,
宜蘭縣南澳鄉第1選舉區,115/09/04,鄭壽勳,無,
宜蘭縣南澳鄉第1選舉區,115/09/04,嵬浪．斗力,無,
宜蘭縣南澳鄉第2選舉區,115/08/31,林剛,無,
宜蘭縣南澳鄉第2選舉區,115/09/01,林德富,中國國民黨,
宜蘭縣南澳鄉第2選舉區,115/09/01,松為山,無,
宜蘭縣南澳鄉第2選舉區,115/09/01,游雅各Yako Toli,無,
宜蘭縣南澳鄉第2選舉區,115/09/03,夏政財,中國國民黨,
宜蘭縣南澳鄉第2選舉區,115/09/04,王國華,無,
宜蘭縣南澳鄉第3選舉區,115/09/01,吳長福,中國國民黨,
宜蘭縣南澳鄉第3選舉區,115/09/03,方惠明,中國國民黨,
宜蘭縣南澳鄉第3選舉區,115/09/03,韋文輝,無,
宜蘭縣南澳鄉第3選舉區,115/09/04,陳儀仁,無,
宜蘭縣南澳鄉第4選舉區,115/08/31,劉燈煌,無,
宜蘭縣南澳鄉第4選舉區,115/09/01,黃聰明,中國國民黨,
宜蘭縣南澳鄉第4選舉區,115/09/03,廖俊傑,中國國民黨,
花蓮縣花蓮市第1選舉區,115/08/31,姚立志,中國國民黨,
花蓮縣花蓮市第1選舉區,115/09/02,游琇錦,中國國民黨,
花蓮縣花蓮市第1選舉區,115/09/02,蔣邦法,中國國民黨,
花蓮縣花蓮市第1選舉區,115/09/02,謝宜萱,中國國民黨,
花蓮縣花蓮市第1選舉區,115/09/03,范姜凱鉞,民主進步黨,
花蓮縣花蓮市第1選舉區,115/09/03,陳于茹,無,
花蓮縣花蓮市第1選舉區,115/09/04,呂闕秀梅,無,
花蓮縣花蓮市第2選舉區,115/09/03,賴子羚,民主進步黨,
花蓮縣花蓮市第2選舉區,115/09/03,楊哲灃,中國國民黨,
花蓮縣花蓮市第3選舉區,115/09/02,江奉宜,中國國民黨,
花蓮縣花蓮市第3選舉區,115/09/02,江如玲,中國國民黨,
花蓮縣花蓮市第3選舉區,115/09/02,蔡翼鍾,無,
花蓮縣花蓮市第3選舉區,115/09/03,歐彥志,民主進步黨,
花蓮縣花蓮市第3選舉區,115/09/03,魏鈺晟,無,
花蓮縣花蓮市第3選舉區,115/09/03,許月梅,無,
花蓮縣花蓮市第4選舉區,115/08/31,湯茹蘭,民主進步黨,
花蓮縣花蓮市第4選舉區,115/08/31,林岳志,無,
花蓮縣花蓮市第4選舉區,115/09/01,林恐龍,無,
花蓮縣花蓮市第4選舉區,115/09/02,王巾綻,無,
花蓮縣花蓮市第4選舉區,115/09/02,林百瑞,中國國民黨,
花蓮縣花蓮市第4選舉區,115/09/02,卿仕愷,無,
花蓮縣花蓮市第4選舉區,115/09/03,黃首崴,民主進步黨,
花蓮縣花蓮市第4選舉區,115/09/03,彭鈺茹,民主進步黨,
花蓮縣花蓮市第4選舉區,115/09/03,黃瑞文,中國國民黨,
花蓮縣花蓮市第4選舉區,115/09/03,簡子涵,無,
花蓮縣花蓮市第4選舉區,115/09/03,陳惠卿,中國國民黨,
花蓮縣花蓮市第4選舉區,115/09/04,游政霖,中國國民黨,
花蓮縣花蓮市第4選舉區,115/09/04,戴位崇,無,
花蓮縣花蓮市第5選舉區,115/09/03,蕭志恩,中國國民黨,
花蓮縣花蓮市第5選舉區,115/09/03,平島．部定,中國國民黨,
花蓮縣鳳林鎮第1選舉區,115/08/31,林冠宏,無,
花蓮縣鳳林鎮第1選舉區,115/09/02,張綠昌,無,
花蓮縣鳳林鎮第1選舉區,115/09/02,黃靜珠,無,
花蓮縣鳳林鎮第1選舉區,115/09/02,徐登縣,無,
花蓮縣鳳林鎮第1選舉區,115/09/03,林子齊,無,
花蓮縣鳳林鎮第1選舉區,115/09/03,洪福文,無,
花蓮縣鳳林鎮第1選舉區,115/09/03,郭岳霖,無,
花蓮縣鳳林鎮第1選舉區,115/09/03,翁林瑞蘭,無,
花蓮縣鳳林鎮第1選舉區,115/09/03,吳穎甄,無,
花蓮縣鳳林鎮第1選舉區,115/09/03,葉國城,無,
花蓮縣鳳林鎮第1選舉區,115/09/03,韓修義,無,
花蓮縣鳳林鎮第2選舉區,115/09/02,龍春文,無,
花蓮縣鳳林鎮第2選舉區,115/09/02,馮文光,無,
花蓮縣鳳林鎮第2選舉區,115/09/04,范茂松,無,
花蓮縣鳳林鎮第3選舉區,115/09/02,劉喜湘,無,
花蓮縣鳳林鎮第4選舉區,115/09/02,黃新德Amid． Apak,無,
花蓮縣鳳林鎮第4選舉區,115/09/02,連金福,無,
花蓮縣鳳林鎮第4選舉區,115/09/03,高進福Nofo．Mayaw,中國國民黨,
花蓮縣玉里鎮第1選舉區,115/08/31,張明慧,無,
花蓮縣玉里鎮第1選舉區,115/09/02,羅世泉,中國國民黨,
花蓮縣玉里鎮第1選舉區,115/09/02,呂佳怡,無,
花蓮縣玉里鎮第1選舉區,115/09/02,呂榮發,中國國民黨,
花蓮縣玉里鎮第1選舉區,115/09/02,姜文博,無,
花蓮縣玉里鎮第1選舉區,115/09/03,姜學文,中國國民黨,
花蓮縣玉里鎮第1選舉區,115/09/03,張一民,中國國民黨,
花蓮縣玉里鎮第1選舉區,115/09/03,林秀怡,中國國民黨,
花蓮縣玉里鎮第1選舉區,115/09/03,吳朝成,無,
花蓮縣玉里鎮第1選舉區,115/09/03,呂念澤,無,
花蓮縣玉里鎮第2選舉區,115/09/01,周鑾英,無,
花蓮縣玉里鎮第2選舉區,115/09/03,俞玉華,中國國民黨,
花蓮縣玉里鎮第3選舉區,115/08/31,石鳳鳴,無,
花蓮縣玉里鎮第3選舉區,115/09/02,林彩英,中國國民黨,
花蓮縣玉里鎮第3選舉區,115/09/02,林大豐,無,
花蓮縣玉里鎮第4選舉區,115/08/31,謝德川,無,
花蓮縣玉里鎮第4選舉區,115/09/02,林金和,無,
花蓮縣玉里鎮第4選舉區,115/09/02,葉微琪,無,
花蓮縣玉里鎮第4選舉區,115/09/02,林賢東,無,
花蓮縣玉里鎮第4選舉區,115/09/04,陳學益,無,
花蓮縣新城鄉第1選舉區,115/08/31,林國賢,無,
花蓮縣新城鄉第1選舉區,115/09/02,邱鳳英,民主進步黨,
花蓮縣新城鄉第1選舉區,115/09/04,劉瑞娜,無,
花蓮縣新城鄉第2選舉區,115/09/02,鄭瑞榮,無,
花蓮縣新城鄉第2選舉區,115/09/02,謝國樑,無,
花蓮縣新城鄉第2選舉區,115/09/02,李紳旭,中國國民黨,
花蓮縣新城鄉第2選舉區,115/09/02,林志盛,中國國民黨,
花蓮縣新城鄉第2選舉區,115/09/02,鄧可平,無,
花蓮縣新城鄉第2選舉區,115/09/02,陳秀玲,中國國民黨,
花蓮縣新城鄉第2選舉區,115/09/02,黃金明,中國國民黨,
花蓮縣新城鄉第2選舉區,115/09/03,傅緯豪,中國國民黨,
花蓮縣新城鄉第3選舉區,115/09/01,李秋男,無,
花蓮縣新城鄉第3選舉區,115/09/02,何勁毅,中國國民黨,
花蓮縣新城鄉第3選舉區,115/09/02,梁玉華,無,
花蓮縣新城鄉第3選舉區,115/09/02,郭元勳,中國國民黨,
花蓮縣新城鄉第4選舉區,115/08/31,林潘忠誠,中國國民黨,
花蓮縣新城鄉第4選舉區,115/09/01,王哲續,無,
花蓮縣新城鄉第4選舉區,115/09/02,黃秀美,中國國民黨,
花蓮縣新城鄉第4選舉區,115/09/03,呂春美Iku．Karang,中國國民黨,
花蓮縣吉安鄉第1選舉區,115/08/31,潘璿安,中國國民黨,
花蓮縣吉安鄉第1選舉區,115/09/02,羅勤翔,民主進步黨,
花蓮縣吉安鄉第1選舉區,115/09/02,陳雅慧,無,
花蓮縣吉安鄉第1選舉區,115/09/02,林宗達,中國國民黨,
花蓮縣吉安鄉第1選舉區,115/09/03,吳苡嘉,無,
花蓮縣吉安鄉第1選舉區,115/09/03,黃登科,無,
花蓮縣吉安鄉第1選舉區,115/09/03,張煜昉,無,
花蓮縣吉安鄉第1選舉區,115/09/03,李妍庭,中國國民黨,
花蓮縣吉安鄉第1選舉區,115/09/03,呂宗峻,中國國民黨,
花蓮縣吉安鄉第1選舉區,115/09/03,江國明,無,
花蓮縣吉安鄉第1選舉區,115/09/04,王家洋,中國國民黨,
花蓮縣吉安鄉第1選舉區,115/09/04,蔡莉君,無,
花蓮縣吉安鄉第2選舉區,115/08/31,許仲洲,無,
花蓮縣吉安鄉第2選舉區,115/09/02,林上凱,無,
花蓮縣吉安鄉第2選舉區,115/09/02,温文谷,無,
花蓮縣吉安鄉第2選舉區,115/09/02,張鐘云,無,
花蓮縣吉安鄉第2選舉區,115/09/02,黃文奇,無,
花蓮縣吉安鄉第2選舉區,115/09/03,吳陳龍,中國國民黨,
花蓮縣吉安鄉第2選舉區,115/09/03,邱惠敏,中國國民黨,
花蓮縣吉安鄉第2選舉區,115/09/03,黃美玉,中國國民黨,
花蓮縣吉安鄉第2選舉區,115/09/04,莊育麟,人民民主黨,
花蓮縣吉安鄉第3選舉區,115/09/02,廖建緯,無,
花蓮縣吉安鄉第3選舉區,115/09/02,黃婉婷,無,
花蓮縣吉安鄉第3選舉區,115/09/02,楊靖妍,台灣民眾黨,
花蓮縣吉安鄉第3選舉區,115/09/03,邱美雲,中國國民黨,
花蓮縣吉安鄉第3選舉區,115/09/03,詹益萬,中國國民黨,
花蓮縣吉安鄉第3選舉區,115/09/03,蔡佳淳,中國國民黨,
花蓮縣吉安鄉第4選舉區,115/09/01,余震華,中國國民黨,
花蓮縣吉安鄉第4選舉區,115/09/02,潘家蓁,無,
花蓮縣吉安鄉第4選舉區,115/09/03,林志忠 Akiya Malu,中國國民黨,
花蓮縣吉安鄉第4選舉區,115/09/04,呂劉曉穗,無,
花蓮縣壽豐鄉第1選舉區,115/08/31,陳進和,無,
花蓮縣壽豐鄉第1選舉區,115/09/01,許凱彬,中國國民黨,
花蓮縣壽豐鄉第1選舉區,115/09/02,塗寶貴,中國國民黨,
花蓮縣壽豐鄉第1選舉區,115/09/02,諶武成,無,
花蓮縣壽豐鄉第1選舉區,115/09/02,黃水龍,無,
花蓮縣壽豐鄉第1選舉區,115/09/02,鄭美香,中國國民黨,
花蓮縣壽豐鄉第1選舉區,115/09/03,關守秦,中國國民黨,
花蓮縣壽豐鄉第2選舉區,115/09/02,陳咸均,台灣民眾黨,
花蓮縣壽豐鄉第2選舉區,115/09/02,周欽南,無,
花蓮縣壽豐鄉第2選舉區,115/09/02,李錦福,無,
花蓮縣壽豐鄉第2選舉區,115/09/02,張仁俊,中國國民黨,
花蓮縣壽豐鄉第2選舉區,115/09/04,吳靖雯,無,
花蓮縣壽豐鄉第3選舉區,115/09/02,陳宥成,無,
花蓮縣壽豐鄉第3選舉區,115/09/03,林瑞國,無,
花蓮縣壽豐鄉第3選舉區,115/09/04,郭慧如,無,
花蓮縣壽豐鄉第4選舉區,115/09/01,馬其山 Lasang Cilu,中國國民黨,
花蓮縣壽豐鄉第4選舉區,115/09/02,林顗帆,無,
花蓮縣壽豐鄉第4選舉區,115/09/02,胡呼美佐Aniw Siku,無,
花蓮縣壽豐鄉第4選舉區,115/09/02,謝東穎,無,
花蓮縣光復鄉第1選舉區,115/09/01,李美瑩,中國國民黨,
花蓮縣光復鄉第1選舉區,115/09/02,林淑清,無,
花蓮縣光復鄉第1選舉區,115/09/02,張敏煌,無,
花蓮縣光復鄉第1選舉區,115/09/02,蔡易霖,無,
花蓮縣光復鄉第1選舉區,115/09/02,曾悅莓,中國國民黨,
花蓮縣光復鄉第1選舉區,115/09/02,林家年,無,
花蓮縣光復鄉第1選舉區,115/09/03,黃柏儕,中國國民黨,
花蓮縣光復鄉第2選舉區,115/09/04,鍾蔚諮,無,
花蓮縣光復鄉第2選舉區,115/09/04,吳俊佑,無,
花蓮縣光復鄉第3選舉區,115/09/01,蔡智輝,中國國民黨,
花蓮縣光復鄉第3選舉區,115/09/02,吳政明,無,
花蓮縣光復鄉第3選舉區,115/09/02,吳榮豊,中國國民黨,
花蓮縣光復鄉第3選舉區,115/09/03,張惠美,無,
花蓮縣光復鄉第3選舉區,115/09/04,林秀鳳,無,
花蓮縣光復鄉第4選舉區,115/08/31,楊天明,無,
花蓮縣光復鄉第4選舉區,115/08/31,吳冠賢,無,
花蓮縣光復鄉第4選舉區,115/09/02,鄭敏芳Pongal． Siwmay,無,
花蓮縣光復鄉第4選舉區,115/09/02,吳依臻,中國國民黨,
花蓮縣光復鄉第4選舉區,115/09/03,賴國祥O．Seng． Ka'ti,無,
花蓮縣豐濱鄉第1選舉區,115/09/02,古方新,無,
花蓮縣豐濱鄉第2選舉區,115/09/02,李威寰,中國國民黨,
花蓮縣豐濱鄉第2選舉區,115/09/02,吳耀福,無,
花蓮縣豐濱鄉第2選舉區,115/09/02,劉靜芳,中國國民黨,
花蓮縣豐濱鄉第2選舉區,115/09/02,何俊雄,無,
花蓮縣豐濱鄉第2選舉區,115/09/02,吳素英,無,
花蓮縣豐濱鄉第2選舉區,115/09/02,司玉花Akiyok． Sawmah,無,
花蓮縣瑞穗鄉第1選舉區,115/08/31,陳國政,無,
花蓮縣瑞穗鄉第1選舉區,115/09/01,鍾順成,無,
花蓮縣瑞穗鄉第1選舉區,115/09/03,林玉梅,無,
花蓮縣瑞穗鄉第1選舉區,115/09/03,林佳和,無,
花蓮縣瑞穗鄉第1選舉區,115/09/03,羅文騰,無,
花蓮縣瑞穗鄉第1選舉區,115/09/03,鍾明秋,無,
花蓮縣瑞穗鄉第1選舉區,115/09/03,邱治翔,民主進步黨,
花蓮縣瑞穗鄉第1選舉區,115/09/04,楊道宇,無,
花蓮縣瑞穗鄉第2選舉區,115/08/31,周玉梅,無,
花蓮縣瑞穗鄉第2選舉區,115/09/01,黃肇隆,無,
花蓮縣瑞穗鄉第2選舉區,115/09/03,賴柄佑,無,
花蓮縣瑞穗鄉第3選舉區,115/08/31,楊秀蘭,無,
花蓮縣瑞穗鄉第3選舉區,115/09/01,徐秉國Hane‧Gayaw,無,
花蓮縣瑞穗鄉第3選舉區,115/09/02,吳明義,無,
花蓮縣瑞穗鄉第3選舉區,115/09/03,陳源發,無,
花蓮縣瑞穗鄉第3選舉區,115/09/03,陳秀蘭,中國國民黨,
花蓮縣瑞穗鄉第3選舉區,115/09/03,陳秀珍,無,
花蓮縣瑞穗鄉第3選舉區,115/09/03,鍾紫韻,無,
花蓮縣富里鄉第1選舉區,115/08/31,蕭文龍,無,
花蓮縣富里鄉第1選舉區,115/09/02,葉家鴻,無,
花蓮縣富里鄉第1選舉區,115/09/02,陳振富,無,
花蓮縣富里鄉第1選舉區,115/09/04,林夢柔,無,
花蓮縣富里鄉第2選舉區,115/09/02,曾蔚,無,
花蓮縣富里鄉第2選舉區,115/09/02,鍾日順,無,
花蓮縣富里鄉第2選舉區,115/09/02,何貴香,中國國民黨,
花蓮縣富里鄉第2選舉區,115/09/02,杜金模,無,
花蓮縣富里鄉第2選舉區,115/09/03,鍾怡茹,無,
花蓮縣富里鄉第3選舉區,115/09/03,潘務本 Saw Mah,民主進步黨,
花蓮縣富里鄉第3選舉區,115/09/03,高岳霖,無,
花蓮縣秀林鄉第1選舉區,115/08/31,金汐珊,無,
花蓮縣秀林鄉第1選舉區,115/08/31,胡瑞祥,無,
花蓮縣秀林鄉第1選舉區,115/09/01,尤美霞,中國國民黨,
花蓮縣秀林鄉第1選舉區,115/09/01,白世義,中國國民黨,
花蓮縣秀林鄉第1選舉區,115/09/01,陳聖華,無,
花蓮縣秀林鄉第1選舉區,115/09/02,石慧如,無,
花蓮縣秀林鄉第1選舉區,115/09/02,王則元,無,
花蓮縣秀林鄉第1選舉區,115/09/02,潘健雄,無,
花蓮縣秀林鄉第1選舉區,115/09/03,白秀娟,無,
花蓮縣秀林鄉第1選舉區,115/09/03,夏義松,中國國民黨,
花蓮縣秀林鄉第1選舉區,115/09/03,賴俊傑,中國國民黨,
花蓮縣秀林鄉第1選舉區,115/09/03,李貴標Cincay Peydang,無,
花蓮縣秀林鄉第2選舉區,115/08/31,魏華民Hatu Ngiraw,無,
花蓮縣秀林鄉第2選舉區,115/09/01,游青龍,中國國民黨,
花蓮縣秀林鄉第2選舉區,115/09/03,駱燕玲,無,
花蓮縣秀林鄉第3選舉區,115/08/31,林騰熒,無,
花蓮縣秀林鄉第3選舉區,115/08/31,賴偉翔,無,
花蓮縣秀林鄉第3選舉區,115/08/31,丁麗芳,無,
花蓮縣秀林鄉第3選舉區,115/09/01,蔡培火,中國國民黨,
花蓮縣秀林鄉第3選舉區,115/09/02,梁文孝,中國國民黨,
花蓮縣秀林鄉第3選舉區,115/09/03,蔡珍玲Sakay Haning,無,
花蓮縣秀林鄉第3選舉區,115/09/03,楊文輝,無,
花蓮縣秀林鄉第4選舉區,115/09/01,楊美寶,中國國民黨,
花蓮縣秀林鄉第4選舉區,115/09/01,吳孝華,無,
花蓮縣秀林鄉第4選舉區,115/09/03,羅名材Halu‧Lihang,中國國民黨,
花蓮縣萬榮鄉第1選舉區,115/09/01,王依美,中國國民黨,
花蓮縣萬榮鄉第1選舉區,115/09/02,賴馬政,無,
花蓮縣萬榮鄉第1選舉區,115/09/04,劉光照,無,
花蓮縣萬榮鄉第2選舉區,115/09/03,劉添順,無,
花蓮縣萬榮鄉第2選舉區,115/09/03,伍曉凌,無,
花蓮縣萬榮鄉第2選舉區,115/09/03,賴淑鶯,中國國民黨,
花蓮縣萬榮鄉第3選舉區,115/08/31,王宏傑,無,
花蓮縣萬榮鄉第3選舉區,115/08/31,呂明堅,無,
花蓮縣萬榮鄉第3選舉區,115/09/02,江雅玲,無,
花蓮縣萬榮鄉第3選舉區,115/09/03,林蘭香,無,
花蓮縣萬榮鄉第3選舉區,115/09/03,黃勤聰 Ciwas． Yudak,無,
花蓮縣卓溪鄉第1選舉區,115/08/31,蘇貴妹 Kimi‧Yuji,無,
花蓮縣卓溪鄉第1選舉區,115/08/31,温德魏,中國國民黨,
花蓮縣卓溪鄉第1選舉區,115/08/31,那孟賢,中國國民黨,
花蓮縣卓溪鄉第1選舉區,115/09/01,詹志郎 Takun· Tusang,無,
花蓮縣卓溪鄉第1選舉區,115/09/03,卓孝明,台灣民眾黨,
花蓮縣卓溪鄉第1選舉區,115/09/03,景源財,無,
花蓮縣卓溪鄉第2選舉區,115/08/31,高傑心Niun． Tamapima,無,
花蓮縣卓溪鄉第2選舉區,115/08/31,邱秀英A bus takisvilainan,無,
花蓮縣卓溪鄉第2選舉區,115/09/01,林進生,無,
花蓮縣卓溪鄉第2選舉區,115/09/03,李桂英 Savi Takisvilainan,中國國民黨,
花蓮縣卓溪鄉第2選舉區,115/09/04,高發財,無,
花蓮縣卓溪鄉第2選舉區,115/09/04,林惠婷,無,
臺東縣臺東市第1選舉區,115/08/31,蔡宗瑋,無,
臺東縣臺東市第1選舉區,115/09/02,洪瑞隆,中國國民黨,
臺東縣臺東市第1選舉區,115/09/02,李家銘,無,
臺東縣臺東市第1選舉區,115/09/04,黃啓川,民主進步黨,
臺東縣臺東市第2選舉區,115/08/31,邱忠敏,中國國民黨,
臺東縣臺東市第2選舉區,115/09/02,鄭龍澤,無,
臺東縣臺東市第2選舉區,115/09/02,陳俊宏,中國國民黨,
臺東縣臺東市第2選舉區,115/09/02,胡蕴文,無,
臺東縣臺東市第2選舉區,115/09/03,陳建廷,中國國民黨,
臺東縣臺東市第2選舉區,115/09/03,邱英山,無,
臺東縣臺東市第2選舉區,115/09/04,王泰捷,民主進步黨,
臺東縣臺東市第2選舉區,115/09/04,陸冬梅,無,
臺東縣臺東市第3選舉區,115/08/31,陳瀅瑄,無,
臺東縣臺東市第3選舉區,115/09/01,陳金溪,民主進步黨,
臺東縣臺東市第3選舉區,115/09/02,賴彥廷,無,
臺東縣臺東市第3選舉區,115/09/03,陳孟伸,中國國民黨,
臺東縣臺東市第3選舉區,115/09/03,張品澤,中國國民黨,
臺東縣臺東市第3選舉區,115/09/04,韋紹福,無,
臺東縣臺東市第3選舉區,115/09/04,黃冠維,無,
臺東縣臺東市第3選舉區,115/09/04,陳國民,中國國民黨,
臺東縣臺東市第4選舉區,115/08/31,蔡政家,民主進步黨,
臺東縣臺東市第4選舉區,115/09/01,張文鐘,無,
臺東縣臺東市第4選舉區,115/09/02,張弘輝,無,
臺東縣臺東市第4選舉區,115/09/03,杜秀卿,中國國民黨,
臺東縣臺東市第5選舉區,115/09/01,林志龍,中國國民黨,
臺東縣臺東市第5選舉區,115/09/02,潘調志,中國國民黨,
臺東縣臺東市第5選舉區,115/09/02,賴秀星,無,
臺東縣臺東市第5選舉區,115/09/03,柳星辰,無,
臺東縣臺東市第5選舉區,115/09/03,潘正顥,無,
臺東縣臺東市第5選舉區,115/09/04,羅瑞華,民主進步黨,
臺東縣臺東市第5選舉區,115/09/04,高旭,無,
臺東縣臺東市第5選舉區,115/09/04,陽明吉,無,
臺東縣成功鎮第1選舉區,115/09/01,曾千育,無,
臺東縣成功鎮第1選舉區,115/09/01,陳坤章,無,
臺東縣成功鎮第1選舉區,115/09/02,林聰傑,無,
臺東縣成功鎮第1選舉區,115/09/02,查道晴,中國國民黨,
臺東縣成功鎮第1選舉區,115/09/03,陳威旭,無,
臺東縣成功鎮第1選舉區,115/09/03,蔡協進,無,
臺東縣成功鎮第1選舉區,115/09/03,吳俊寬,無,
臺東縣成功鎮第1選舉區,115/09/03,賴宗汶,無,
臺東縣成功鎮第1選舉區,115/09/03,陳秋豆,無,
臺東縣成功鎮第1選舉區,115/09/03,吳佩真,無,
臺東縣成功鎮第1選舉區,115/09/04,楊瑞華,無,
臺東縣成功鎮第2選舉區,115/08/31,張順堯 Sundul Akim,無,
臺東縣成功鎮第2選舉區,115/09/01,林幸輝,無,
臺東縣成功鎮第2選舉區,115/09/02,郭亞民,無,
臺東縣成功鎮第2選舉區,115/09/02,葉聰義,無,
臺東縣成功鎮第2選舉區,115/09/02,陳振明,無,
臺東縣成功鎮第2選舉區,115/09/02,楊心梅,無,
臺東縣成功鎮第2選舉區,115/09/03,田宸勳,無,
臺東縣成功鎮第2選舉區,115/09/03,洪進榮,無,
臺東縣成功鎮第2選舉區,115/09/03,陳婕妤,無,
臺東縣成功鎮第2選舉區,115/09/04,楊世光,無,
臺東縣成功鎮第2選舉區,115/09/04,陳文俊,中國國民黨,
臺東縣成功鎮第2選舉區,115/09/04,陳南蓀,無,
臺東縣成功鎮第2選舉區,115/09/04,胡明發,無,
臺東縣成功鎮第2選舉區,115/09/04,賴蘋妹,中國國民黨,
臺東縣關山鎮第1選舉區,115/08/31,顏府駐,無,
臺東縣關山鎮第1選舉區,115/08/31,劉曉菁,無,
臺東縣關山鎮第1選舉區,115/09/02,李偉鈺,無,
臺東縣關山鎮第1選舉區,115/09/02,謝東原,無,
臺東縣關山鎮第2選舉區,115/08/31,彭東輝,無,
臺東縣關山鎮第2選舉區,115/09/02,周敏勝,無,
臺東縣關山鎮第3選舉區,115/08/31,吳文忠,無,
臺東縣關山鎮第4選舉區,115/08/31,呂文龍,中國國民黨,
臺東縣關山鎮第4選舉區,115/08/31,黃玉英 Usay Amui Lipay,中國國民黨,
臺東縣卑南鄉第1選舉區,115/08/31,林志明,無,
臺東縣卑南鄉第1選舉區,115/09/02,沈姿伶,無,
臺東縣卑南鄉第1選舉區,115/09/02,李俊賢,中國國民黨,
臺東縣卑南鄉第1選舉區,115/09/03,曾能健,中國國民黨,
臺東縣卑南鄉第1選舉區,115/09/04,陳鳳英,中國國民黨,
臺東縣卑南鄉第1選舉區,115/09/04,吳昇和,中國國民黨,
臺東縣卑南鄉第1選舉區,115/09/04,楊才松,無,
臺東縣卑南鄉第2選舉區,115/08/31,林宏經,無,
臺東縣卑南鄉第2選舉區,115/08/31,廖聰和,無,
臺東縣卑南鄉第2選舉區,115/09/04,廖忠聖,無,
臺東縣卑南鄉第3選舉區,115/08/31,林翠玲,無,
臺東縣卑南鄉第3選舉區,115/09/01,胡敏杰,無,
臺東縣卑南鄉第3選舉區,115/09/02,田明元,中國國民黨,
臺東縣卑南鄉第3選舉區,115/09/02,黃學臺,中國國民黨,
臺東縣卑南鄉第3選舉區,115/09/03,李芳媚,無,
臺東縣卑南鄉第3選舉區,115/09/04,吳楊平南,中國國民黨,
臺東縣鹿野鄉第1選舉區,115/08/31,郭清塗,無,
臺東縣鹿野鄉第1選舉區,115/09/02,任建民,無,
臺東縣鹿野鄉第1選舉區,115/09/02,鄧清欉,無,
臺東縣鹿野鄉第1選舉區,115/09/03,陳韋吉,無,
臺東縣鹿野鄉第2選舉區,115/08/31,徐榜駿,無,
臺東縣鹿野鄉第2選舉區,115/09/02,黎萬和,無,
臺東縣鹿野鄉第2選舉區,115/09/02,邱惟鐘,無,
臺東縣鹿野鄉第2選舉區,115/09/02,曾國豪,無,
臺東縣鹿野鄉第3選舉區,115/09/02,陽志明,中國國民黨,
臺東縣鹿野鄉第3選舉區,115/09/03,陳金花,無,
臺東縣鹿野鄉第3選舉區,115/09/03,林承鈞,無,
臺東縣鹿野鄉第3選舉區,115/09/04,林宜瑾,中國國民黨,
臺東縣池上鄉第1選舉區,115/09/01,江海飛,無,
臺東縣池上鄉第1選舉區,115/09/02,黃麗香,無,
臺東縣池上鄉第1選舉區,115/09/02,許金興,無,
臺東縣池上鄉第1選舉區,115/09/02,林金樺,無,
臺東縣池上鄉第1選舉區,115/09/04,林文雄,無,
臺東縣池上鄉第2選舉區,115/08/31,邱煥森,無,
臺東縣池上鄉第3選舉區,115/09/02,羅菊妹,無,
臺東縣池上鄉第4選舉區,115/09/02,林阿貴,中國國民黨,
臺東縣池上鄉第4選舉區,115/09/03,潘旭瑞,無,
臺東縣池上鄉第4選舉區,115/09/03,簡志平,無,
臺東縣池上鄉第4選舉區,115/09/04,陳億元,無,
臺東縣池上鄉第4選舉區,115/09/04,陳莉蘋,無,
臺東縣東河鄉第1選舉區,115/08/31,周燕稜,無,
臺東縣東河鄉第1選舉區,115/09/02,鄭志昌,無,
臺東縣東河鄉第1選舉區,115/09/03,陳季微,無,
臺東縣東河鄉第1選舉區,115/09/03,曾培誠,無,
臺東縣東河鄉第1選舉區,115/09/03,吳村田,無,
臺東縣東河鄉第2選舉區,115/09/02,陳光明 Sawmah Futor,無,
臺東縣東河鄉第2選舉區,115/09/02,黃庭甄,無,
臺東縣東河鄉第2選舉區,115/09/02,黃美珠,無,
臺東縣東河鄉第2選舉區,115/09/02,黃光福 Angfu.Kasing,無,
臺東縣東河鄉第2選舉區,115/09/02,吳占勝 Suilng.Asiku,無,
臺東縣東河鄉第2選舉區,115/09/04,林貴賢,無,
臺東縣長濱鄉第1選舉區,115/09/01,王崑亮,無,
臺東縣長濱鄉第1選舉區,115/09/01,潘詩萍,無,
臺東縣長濱鄉第1選舉區,115/09/03,林修正,無,
臺東縣長濱鄉第1選舉區,115/09/03,賴文德,中國國民黨,
臺東縣長濱鄉第1選舉區,115/09/04,曾麗蓉,無,
臺東縣長濱鄉第1選舉區,115/09/04,潘建志,無,
臺東縣長濱鄉第1選舉區,115/09/04,梁秀貞,無,
臺東縣長濱鄉第2選舉區,115/09/01,莊詩清,無,
臺東縣長濱鄉第2選舉區,115/09/02,嚴美玲,中國國民黨,
臺東縣長濱鄉第2選舉區,115/09/02,陳金嬌,中國國民黨,
臺東縣長濱鄉第2選舉區,115/09/03,林錦顯 Kacaw．Lafa,無,
臺東縣長濱鄉第2選舉區,115/09/03,林敏㨗,無,
臺東縣太麻里鄉第1選舉區,115/08/31,陳明輝,無,
臺東縣太麻里鄉第1選舉區,115/09/02,林順益,無,
臺東縣太麻里鄉第1選舉區,115/09/02,莊慶輝,無,
臺東縣太麻里鄉第1選舉區,115/09/04,李朝勝,無,
臺東縣太麻里鄉第2選舉區,115/08/31,林雙全,無,
臺東縣太麻里鄉第2選舉區,115/09/01,陳俊宏,無,
臺東縣太麻里鄉第2選舉區,115/09/02,許舜翔,無,
臺東縣太麻里鄉第2選舉區,115/09/02,李曉婷,無,
臺東縣太麻里鄉第2選舉區,115/09/02,王重義,無,
臺東縣太麻里鄉第2選舉區,115/09/02,許麗珠,無,
臺東縣太麻里鄉第2選舉區,115/09/02,廖瑞琴,無,
臺東縣太麻里鄉第2選舉區,115/09/02,詹適臨,無,
臺東縣太麻里鄉第2選舉區,115/09/02,郭鈺如,無,
臺東縣太麻里鄉第3選舉區,115/08/31,林美智,無,
臺東縣太麻里鄉第3選舉區,115/09/02,羅建造,無,
臺東縣太麻里鄉第3選舉區,115/09/02,李宗達 druadruatj ∙tjautjau,無,
臺東縣太麻里鄉第4選舉區,115/08/31,陳孫金,中國國民黨,
臺東縣太麻里鄉第4選舉區,115/08/31,陳志偉,無,
臺東縣太麻里鄉第4選舉區,115/08/31,陳正德,無,
臺東縣太麻里鄉第4選舉區,115/09/01,呂文德,無,
臺東縣太麻里鄉第4選舉區,115/09/02,林順天,無,
臺東縣大武鄉第1選舉區,115/08/31,鄭義成,無,
臺東縣大武鄉第1選舉區,115/09/02,黃奕仁,無,
臺東縣大武鄉第1選舉區,115/09/02,趙健宏,無,
臺東縣大武鄉第2選舉區,115/09/01,高春花,無,
臺東縣大武鄉第2選舉區,115/09/02,鄭振雄,無,
臺東縣大武鄉第2選舉區,115/09/02,王一山,無,
臺東縣大武鄉第2選舉區,115/09/02,金勝男,無,
臺東縣大武鄉第2選舉區,115/09/02,蔡宇嫻,無,
臺東縣大武鄉第2選舉區,115/09/03,高龎自強,無,
臺東縣綠島鄉第1選舉區,115/08/31,林倚樟,無,
臺東縣綠島鄉第1選舉區,115/09/01,鄭秋月,無,
臺東縣綠島鄉第1選舉區,115/09/02,林誌鴻,無,
臺東縣綠島鄉第1選舉區,115/09/02,蘇俊宏,無,
臺東縣綠島鄉第1選舉區,115/09/03,鄭姵辰,無,
臺東縣綠島鄉第2選舉區,115/09/01,何誌忠,無,
臺東縣綠島鄉第2選舉區,115/09/02,鄭全宏,無,
臺東縣綠島鄉第2選舉區,115/09/02,陳韋宇,無,
臺東縣綠島鄉第3選舉區,115/09/02,陳建平,無,
臺東縣綠島鄉第3選舉區,115/09/02,田明偉,無,
臺東縣綠島鄉第3選舉區,115/09/02,田亦生,無,
臺東縣海端鄉第1選舉區,115/08/31,古振英,無,
臺東縣海端鄉第2選舉區,115/09/01,邱鳳梅,無,
臺東縣海端鄉第2選舉區,115/09/01,余春梅,無,
臺東縣海端鄉第2選舉區,115/09/01,余惠萍,無,
臺東縣海端鄉第2選舉區,115/09/01,余忠學,無,
臺東縣海端鄉第2選舉區,115/09/02,王秀美,無,
臺東縣海端鄉第2選舉區,115/09/02,古天來,無,
臺東縣海端鄉第2選舉區,115/09/02,邱淑慧,無,
臺東縣海端鄉第2選舉區,115/09/03,余泓霆 isbalidav Dahu,無,
臺東縣海端鄉第2選舉區,115/09/03,許凱文 Aziman． Takisdahuan,無,
臺東縣海端鄉第2選舉區,115/09/04,賴美玲,無,
臺東縣海端鄉第3選舉區,115/08/31,黃國雄,無,
臺東縣海端鄉第3選舉區,115/09/01,邱約德,無,
臺東縣海端鄉第3選舉區,115/09/02,胡天國,中國國民黨,
臺東縣海端鄉第3選舉區,115/09/02,江志強,無,
臺東縣海端鄉第3選舉區,115/09/03,拉尼琥,無,
臺東縣延平鄉第1選舉區,115/09/01,白布農,無,
臺東縣延平鄉第1選舉區,115/09/02,古總結,無,
臺東縣延平鄉第1選舉區,115/09/02,王胡月麗,中國國民黨,
臺東縣延平鄉第1選舉區,115/09/02,田政福,無,
臺東縣延平鄉第1選舉區,115/09/02,胡健文,無,
臺東縣延平鄉第1選舉區,115/09/03,王雅惠,無,
臺東縣延平鄉第1選舉區,115/09/04,古淑文,無,
臺東縣延平鄉第1選舉區,115/09/04,邱仁雄,中國國民黨,
臺東縣延平鄉第2選舉區,115/08/31,余永富,無,
臺東縣延平鄉第2選舉區,115/09/02,余進坤,中國國民黨,
臺東縣延平鄉第2選舉區,115/09/02,邱宏仁,中國國民黨,
臺東縣延平鄉第2選舉區,115/09/02,王克強,無,
臺東縣延平鄉第2選舉區,115/09/03,劉瀠琦,無,
臺東縣延平鄉第3選舉區,115/09/01,陳生光,無,
臺東縣延平鄉第3選舉區,115/09/01,李德海,無,
臺東縣延平鄉第3選舉區,115/09/02,鄭八郎,無,
臺東縣延平鄉第3選舉區,115/09/02,王勇生,無,
臺東縣延平鄉第3選舉區,115/09/04,王美淨 Savi Madiklan,無,
臺東縣金峰鄉第1選舉區,115/08/31,李正達,無,
臺東縣金峰鄉第1選舉區,115/09/01,曾志光,無,
臺東縣金峰鄉第1選舉區,115/09/01,林教廣,無,
臺東縣金峰鄉第1選舉區,115/09/02,林本森,無,
臺東縣金峰鄉第1選舉區,115/09/03,楊中暉,中國國民黨,
臺東縣金峰鄉第2選舉區,115/09/02,賴念榮,中國國民黨,
臺東縣金峰鄉第2選舉區,115/09/02,許政輝,中國國民黨,
臺東縣金峰鄉第3選舉區,115/09/01,葉彥祥,無,
臺東縣金峰鄉第3選舉區,115/09/01,高世忠,無,
臺東縣金峰鄉第3選舉區,115/09/02,羅忠輝,無,
臺東縣金峰鄉第4選舉區,115/09/03,卓芯慈,無,
臺東縣達仁鄉第1選舉區,115/08/31,邱慶蘭,無,
臺東縣達仁鄉第1選舉區,115/09/01,葛鴻文,無,
臺東縣達仁鄉第2選舉區,115/08/31,王永福,無,
臺東縣達仁鄉第2選舉區,115/09/02,劉仁宗,無,
臺東縣達仁鄉第2選舉區,115/09/03,陳新福,無,
臺東縣達仁鄉第3選舉區,115/09/02,董美華,無,
臺東縣達仁鄉第3選舉區,115/09/02,邱志平,無,
臺東縣達仁鄉第3選舉區,115/09/03,尤嘉妡,無,
臺東縣達仁鄉第3選舉區,115/09/03,廖新一,無,
臺東縣達仁鄉第3選舉區,115/09/04,朱嶔崟,無,
臺東縣蘭嶼鄉選舉區,115/08/31,夏曼馬呢熱,無,
臺東縣蘭嶼鄉選舉區,115/09/01,施孝榮,無,
臺東縣蘭嶼鄉選舉區,115/09/01,楊馬倫,無,
臺東縣蘭嶼鄉選舉區,115/09/02,謝阿生,無,
臺東縣蘭嶼鄉選舉區,115/09/02,張進發,無,
臺東縣蘭嶼鄉選舉區,115/09/02,施東勇,無,
臺東縣蘭嶼鄉選舉區,115/09/02,施智宏,無,
臺東縣蘭嶼鄉選舉區,115/09/02,朱生財,無,
臺東縣蘭嶼鄉選舉區,115/09/03,羅大偉,無,
臺東縣蘭嶼鄉選舉區,115/09/03,呂俠,無,
臺東縣蘭嶼鄉選舉區,115/09/03,謝秀雄,無,
臺東縣蘭嶼鄉選舉區,115/09/04,蕭春祥,民主進步黨,
臺東縣蘭嶼鄉選舉區,115/09/04,蘇聖超,無,
臺東縣蘭嶼鄉選舉區,115/09/04,鍾海琳,無,
臺東縣蘭嶼鄉選舉區,115/09/04,陳雯珊,無,
澎湖縣馬公市第1選舉區,115/09/01,項光照,無,
澎湖縣馬公市第1選舉區,115/09/02,呂蕙羽,無,
澎湖縣馬公市第2選舉區,115/08/31,黃旭輝,無,
澎湖縣馬公市第2選舉區,115/08/31,呂俊褞,民主進步黨,
澎湖縣馬公市第2選舉區,115/09/02,薛淑娟,無,
澎湖縣馬公市第2選舉區,115/09/02,陳志清,無,
澎湖縣馬公市第2選舉區,115/09/02,譚蘭芬,中國國民黨,
澎湖縣馬公市第2選舉區,115/09/02,呂佳諺,無,
澎湖縣馬公市第2選舉區,115/09/02,高培森,無,
澎湖縣馬公市第2選舉區,115/09/02,黃春燕,無,
澎湖縣馬公市第2選舉區,115/09/02,王明瑞,無,
澎湖縣馬公市第2選舉區,115/09/02,藍英哲,無,
澎湖縣馬公市第2選舉區,115/09/03,鄭三啓,無,
澎湖縣馬公市第2選舉區,115/09/03,王遙文,無,
澎湖縣馬公市第2選舉區,115/09/04,呂佩恬,無,
澎湖縣馬公市第2選舉區,115/09/04,招有倫,民主進步黨,
澎湖縣馬公市第3選舉區,115/09/02,葉志鵬,無,
澎湖縣馬公市第3選舉區,115/09/02,歐銀花,無,
澎湖縣馬公市第3選舉區,115/09/02,許彥玲,無,
澎湖縣馬公市第3選舉區,115/09/02,吳武宗,民主進步黨,
澎湖縣馬公市第3選舉區,115/09/02,洪清騰,無,
澎湖縣馬公市第3選舉區,115/09/03,胡佩青,無,
澎湖縣馬公市第3選舉區,115/09/03,李晏昇,無,
澎湖縣馬公市第4選舉區,115/09/01,陳永澎,無,
澎湖縣馬公市第4選舉區,115/09/02,吳志宏,無,
澎湖縣湖西鄉第1選舉區,115/08/31,陳雅琴,無,
澎湖縣湖西鄉第1選舉區,115/09/02,陳若涵,無,
澎湖縣湖西鄉第1選舉區,115/09/02,洪志銘,無,
澎湖縣湖西鄉第1選舉區,115/09/02,林振強,無,
澎湖縣湖西鄉第1選舉區,115/09/03,甄開源,無,
澎湖縣湖西鄉第2選舉區,115/08/31,歐志龍,無,
澎湖縣湖西鄉第2選舉區,115/08/31,李長豐,無,
澎湖縣湖西鄉第2選舉區,115/09/02,林清鑫,無,
澎湖縣湖西鄉第2選舉區,115/09/02,洪良合,無,
澎湖縣湖西鄉第2選舉區,115/09/02,朱竑彥,無,
澎湖縣湖西鄉第3選舉區,115/08/31,王經邦,無,
澎湖縣湖西鄉第3選舉區,115/08/31,呂平清,無,
澎湖縣湖西鄉第3選舉區,115/09/02,高春梨,無,
澎湖縣湖西鄉第3選舉區,115/09/04,陳姸臻,無,
澎湖縣湖西鄉第3選舉區,115/09/04,李福鎮,無,
澎湖縣白沙鄉第1選舉區,115/08/31,謝勝傑,無,
澎湖縣白沙鄉第1選舉區,115/09/01,吳正利,無,
澎湖縣白沙鄉第1選舉區,115/09/02,許龍聰,無,
澎湖縣白沙鄉第1選舉區,115/09/02,郭汝敏,無,
澎湖縣白沙鄉第1選舉區,115/09/03,陳育承,無,
澎湖縣白沙鄉第2選舉區,115/08/31,吳家豪,無,
澎湖縣白沙鄉第2選舉區,115/09/01,黃天香,中國國民黨,
澎湖縣白沙鄉第2選舉區,115/09/02,莊美李,無,
澎湖縣白沙鄉第2選舉區,115/09/02,涂憲鐘,無,
澎湖縣白沙鄉第2選舉區,115/09/02,黃志遠,無,
澎湖縣白沙鄉第3選舉區,115/08/31,許高福,無,
澎湖縣白沙鄉第3選舉區,115/09/04,林福瑞,無,
澎湖縣白沙鄉第4選舉區,115/08/31,陳金福,無,
澎湖縣白沙鄉第4選舉區,115/09/03,呂建文,無,
澎湖縣西嶼鄉第1選舉區,115/08/31,蔡益利,無,
澎湖縣西嶼鄉第1選舉區,115/08/31,蔡建習,無,
澎湖縣西嶼鄉第1選舉區,115/09/02,莊順青,無,
澎湖縣西嶼鄉第2選舉區,115/08/31,洪中文,無,
澎湖縣西嶼鄉第2選舉區,115/09/02,陳金女,無,
澎湖縣西嶼鄉第2選舉區,115/09/04,鍾玉倫,無,
澎湖縣西嶼鄉第3選舉區,115/09/02,牛秋蘭,無,
澎湖縣西嶼鄉第3選舉區,115/09/02,呂萬賜,無,
澎湖縣西嶼鄉第3選舉區,115/09/03,許見情,無,
澎湖縣西嶼鄉第3選舉區,115/09/03,才成智,無,
澎湖縣西嶼鄉第3選舉區,115/09/04,洪耀幸,無,
澎湖縣望安鄉第1選舉區,115/09/01,王志成,無,
澎湖縣望安鄉第1選舉區,115/09/01,許淑真,無,
澎湖縣望安鄉第1選舉區,115/09/01,陳坤泉,無,
澎湖縣望安鄉第1選舉區,115/09/02,陳淑娟,無,
澎湖縣望安鄉第1選舉區,115/09/03,凌宥榛,無,
澎湖縣望安鄉第2選舉區,115/09/02,呂艾香,無,
澎湖縣望安鄉第2選舉區,115/09/03,曾雅麗,無,
澎湖縣望安鄉第2選舉區,115/09/03,俞寶貴,無,
澎湖縣望安鄉第3選舉區,115/09/02,呂福肯,無,
澎湖縣望安鄉第3選舉區,115/09/03,陳明現,無,
澎湖縣七美鄉第1選舉區,115/08/31,許文文,無,
澎湖縣七美鄉第1選舉區,115/09/02,葉志雄,無,
澎湖縣七美鄉第1選舉區,115/09/04,邵霖揚,無,
澎湖縣七美鄉第2選舉區,115/09/02,葉長茂,無,
澎湖縣七美鄉第2選舉區,115/09/02,吳佳賓,無,
澎湖縣七美鄉第2選舉區,115/09/02,張訓五,無,
澎湖縣七美鄉第3選舉區,115/08/31,陳文旺,無,
澎湖縣七美鄉第3選舉區,115/08/31,吳益龍,無,
澎湖縣七美鄉第3選舉區,115/08/31,王羿畯,無,
澎湖縣七美鄉第3選舉區,115/09/03,陳吉富,無,
澎湖縣七美鄉第3選舉區,115/09/03,陳家輝,無,
金門縣金城鎮選舉區,115/08/31,汪松威,台灣民眾黨,
金門縣金城鎮選舉區,115/08/31,陳勁豪,無,
金門縣金城鎮選舉區,115/09/01,陳天成,中國國民黨,
金門縣金城鎮選舉區,115/09/02,余麗園,中國國民黨,
金門縣金城鎮選舉區,115/09/02,胡凱宇,無,
金門縣金城鎮選舉區,115/09/02,莊嘉銘,中國國民黨,
金門縣金城鎮選舉區,115/09/02,郭永隆,無,
金門縣金城鎮選舉區,115/09/02,蔡宗儒,無,
金門縣金城鎮選舉區,115/09/02,李錫瑜,無,
金門縣金城鎮選舉區,115/09/02,黃意博,中國國民黨,
金門縣金城鎮選舉區,115/09/02,鄭天才,龍黨,
金門縣金城鎮選舉區,115/09/02,胡凌瑋,民主進步黨,
金門縣金城鎮選舉區,115/09/03,翁沂杰,無,
金門縣金城鎮選舉區,115/09/03,蘇碧浯,無,
金門縣金城鎮選舉區,115/09/03,林金英,中國國民黨,
金門縣金城鎮選舉區,115/09/03,陳世耀,中國國民黨,
金門縣金城鎮選舉區,115/09/04,游良福,無,
金門縣金沙鎮選舉區,115/09/01,呂珮瑋,無,
金門縣金沙鎮選舉區,115/09/02,呂寶玉,中國國民黨,
金門縣金沙鎮選舉區,115/09/02,何開忠,無,
金門縣金沙鎮選舉區,115/09/02,周水土,無,
金門縣金沙鎮選舉區,115/09/02,張成爵,無,
金門縣金沙鎮選舉區,115/09/02,黃聰成,無,
金門縣金沙鎮選舉區,115/09/02,吳有家,無,
金門縣金沙鎮選舉區,115/09/03,蔡連進,中國國民黨,
金門縣金沙鎮選舉區,115/09/03,黃家財,無,
金門縣金湖鎮選舉區,115/08/31,陳培炘,無,
金門縣金湖鎮選舉區,115/09/02,李志鴻,無,
金門縣金湖鎮選舉區,115/09/02,陳世宏,無,
金門縣金湖鎮選舉區,115/09/02,林麗芬,無,
金門縣金湖鎮選舉區,115/09/02,蔡建立,無,
金門縣金湖鎮選舉區,115/09/02,呂肇霖,無,
金門縣金湖鎮選舉區,115/09/02,陳秀卿,無,
金門縣金湖鎮選舉區,115/09/03,林長鴻,無,
金門縣金湖鎮選舉區,115/09/03,陳文顧,中國國民黨,
金門縣金湖鎮選舉區,115/09/04,李秀華,無,
金門縣金湖鎮選舉區,115/09/04,林嘉森,無,
金門縣金湖鎮選舉區,115/09/04,陳威彰,無,
金門縣金湖鎮選舉區,115/09/04,蔡在福,無,
金門縣金寧鄉選舉區,115/08/31,李英,無,
金門縣金寧鄉選舉區,115/09/01,翁根博,無,
金門縣金寧鄉選舉區,115/09/01,謝寧,無,
金門縣金寧鄉選舉區,115/09/02,楊水信,無,
金門縣金寧鄉選舉區,115/09/02,黃文欣,中國國民黨,
金門縣金寧鄉選舉區,115/09/02,陳孝融,無,
金門縣金寧鄉選舉區,115/09/02,陳秀金,無,
金門縣金寧鄉選舉區,115/09/02,楊天造,無,
金門縣金寧鄉選舉區,115/09/02,李維中,龍黨,
金門縣金寧鄉選舉區,115/09/03,李俊龍,無,
金門縣金寧鄉選舉區,115/09/03,巨貴枝,無,
金門縣金寧鄉選舉區,115/09/03,鍾尚志,無,
金門縣金寧鄉選舉區,115/09/03,許慧成,無,
金門縣金寧鄉選舉區,115/09/03,莊振源,中國國民黨,
金門縣金寧鄉選舉區,115/09/03,陳尤莉,中國國民黨,
金門縣金寧鄉選舉區,115/09/03,楊志仁,無,
金門縣金寧鄉選舉區,115/09/04,翁明惠,台灣民眾黨,
金門縣金寧鄉選舉區,115/09/04,李琳瑯,無,
金門縣烈嶼鄉選舉區,115/08/31,吳福全,中國國民黨,
金門縣烈嶼鄉選舉區,115/09/01,陳家揚,無,
金門縣烈嶼鄉選舉區,115/09/02,羅珮珊,無,
金門縣烈嶼鄉選舉區,115/09/02,方耀渝,無,
金門縣烈嶼鄉選舉區,115/09/02,林長耕,無,
金門縣烈嶼鄉選舉區,115/09/02,林長征,無,
金門縣烈嶼鄉選舉區,115/09/03,洪雅明,無,
金門縣烈嶼鄉選舉區,115/09/03,林宜蘭,中國國民黨,
金門縣烈嶼鄉選舉區,115/09/03,洪健中,無,
金門縣烈嶼鄉選舉區,115/09/03,方駿洋,無,
金門縣烏坵鄉選舉區,115/08/31,朱興勇,無,
金門縣烏坵鄉選舉區,115/09/02,蔡福春,無,
金門縣烏坵鄉選舉區,115/09/03,吳逸安,無,
金門縣烏坵鄉選舉區,115/09/03,黃金揚,無,
金門縣烏坵鄉選舉區,115/09/04,黃立和,無,
連江縣南竿鄉第1選舉區,115/09/01,陳彥錡,中國國民黨,
連江縣南竿鄉第1選舉區,115/09/01,李忠堅,中國國民黨,
連江縣南竿鄉第1選舉區,115/09/01,李哲宇,民主進步黨,
連江縣南竿鄉第1選舉區,115/09/02,曹爾淼,中國國民黨,
連江縣南竿鄉第1選舉區,115/09/02,陳聖泓,無,
連江縣南竿鄉第1選舉區,115/09/02,林紹馨,無,
連江縣南竿鄉第1選舉區,115/09/02,陳錦泰,中國國民黨,
連江縣南竿鄉第1選舉區,115/09/03,陳則汎,中國國民黨,
連江縣南竿鄉第1選舉區,115/09/04,曹雅評,無,
連江縣北竿鄉第2選舉區,115/09/02,王冠予,中國國民黨,
連江縣北竿鄉第2選舉區,115/09/02,王芳瑤,無,
連江縣北竿鄉第2選舉區,115/09/03,林加友,中國國民黨,
連江縣北竿鄉第2選舉區,115/09/03,詹庭語,民主進步黨,
連江縣北竿鄉第2選舉區,115/09/04,王長源,無,
連江縣北竿鄉第2選舉區,115/09/04,王建華,無,
連江縣莒光鄉第3選舉區,115/08/31,劉玉應,無,
連江縣莒光鄉第3選舉區,115/09/01,劉雅蕾,無,
連江縣莒光鄉第3選舉區,115/09/02,曹以樹,中國國民黨,
連江縣莒光鄉第3選舉區,115/09/02,林冰芳,無,
連江縣莒光鄉第3選舉區,115/09/02,陳彥岑,無,
連江縣莒光鄉第3選舉區,115/09/02,林宏豫,無,
連江縣莒光鄉第3選舉區,115/09/04,陳飛汎,無,
連江縣東引鄉第4選舉區,115/08/31,陳子驎,中國國民黨,
連江縣東引鄉第4選舉區,115/09/01,劉昌宏,中國國民黨,
連江縣東引鄉第4選舉區,115/09/02,王禮翼,中國國民黨,
連江縣東引鄉第4選舉區,115/09/03,張雪華,中國國民黨,
連江縣東引鄉第4選舉區,115/09/03,王維德,中國國民黨,
